-- Adminer 4.8.1 MySQL 10.11.11-MariaDB-0+deb12u1 dump

SET NAMES utf8;
SET time_zone = '+00:00';
SET foreign_key_checks = 0;
SET sql_mode = 'NO_AUTO_VALUE_ON_ZERO';

SET NAMES utf8mb4;

DROP TABLE IF EXISTS `evaluaciones`;
CREATE TABLE `evaluaciones` (
  `id` int(11) NOT NULL AUTO_INCREMENT,
  `usuario_id` int(11) NOT NULL,
  `tipo_evaluacion_id` int(11) NOT NULL,
  `rol_personal_id` int(11) DEFAULT NULL,
  `puntuacion_total` decimal(5,2) NOT NULL DEFAULT 0.00,
  `total_preguntas` int(11) NOT NULL DEFAULT 0,
  `respuestas_si` int(11) NOT NULL DEFAULT 0,
  `respuestas_no` int(11) NOT NULL DEFAULT 0,
  `respuestas_na` int(11) NOT NULL DEFAULT 0,
  `estado` enum('en_progreso','completada','cancelada') DEFAULT 'en_progreso',
  `fecha_inicio` timestamp NULL DEFAULT current_timestamp(),
  `fecha_finalizacion` timestamp NULL DEFAULT NULL,
  `observaciones` text DEFAULT NULL,
  PRIMARY KEY (`id`),
  KEY `rol_personal_id` (`rol_personal_id`),
  KEY `idx_usuario` (`usuario_id`),
  KEY `idx_tipo_evaluacion` (`tipo_evaluacion_id`),
  KEY `idx_estado` (`estado`),
  KEY `idx_fecha_inicio` (`fecha_inicio`),
  CONSTRAINT `evaluaciones_ibfk_1` FOREIGN KEY (`usuario_id`) REFERENCES `usuarios` (`id`) ON DELETE CASCADE,
  CONSTRAINT `evaluaciones_ibfk_2` FOREIGN KEY (`tipo_evaluacion_id`) REFERENCES `tipos_evaluacion` (`id`) ON DELETE CASCADE,
  CONSTRAINT `evaluaciones_ibfk_3` FOREIGN KEY (`rol_personal_id`) REFERENCES `roles_personal` (`id`) ON DELETE SET NULL
) ENGINE=InnoDB DEFAULT CHARSET=utf8mb4 COLLATE=utf8mb4_unicode_ci;

INSERT INTO `evaluaciones` (`id`, `usuario_id`, `tipo_evaluacion_id`, `rol_personal_id`, `puntuacion_total`, `total_preguntas`, `respuestas_si`, `respuestas_no`, `respuestas_na`, `estado`, `fecha_inicio`, `fecha_finalizacion`, `observaciones`) VALUES
(18,	4,	1,	1,	260.00,	50,	0,	1,	0,	'completada',	'2025-06-19 18:50:53',	'2025-06-19 18:50:53',	'Evaluación completada'),
(19,	4,	1,	1,	210.00,	50,	0,	0,	0,	'completada',	'2025-06-19 19:06:40',	'2025-06-19 19:06:40',	'Evaluación completada'),
(20,	1,	1,	1,	190.00,	50,	0,	0,	0,	'completada',	'2025-06-19 19:51:31',	'2025-06-19 19:51:31',	'Evaluación completada'),
(21,	8,	1,	1,	160.00,	50,	0,	0,	0,	'completada',	'2025-06-21 00:11:39',	'2025-06-21 00:11:39',	'Evaluación completada'),
(22,	8,	1,	1,	180.00,	50,	0,	0,	0,	'completada',	'2025-06-21 03:52:43',	'2025-06-21 03:52:43',	'Evaluación completada');

DROP TABLE IF EXISTS `preguntas`;
CREATE TABLE `preguntas` (
  `id` int(11) NOT NULL AUTO_INCREMENT,
  `seccion_id` int(11) NOT NULL,
  `pregunta` text NOT NULL,
  `tipo_pregunta` enum('abierta','seleccion_multiple') DEFAULT 'abierta',
  `opcion_a` text DEFAULT NULL,
  `opcion_b` text DEFAULT NULL,
  `opcion_c` text DEFAULT NULL,
  `respuesta_correcta` enum('a','b','c') DEFAULT NULL,
  `orden` int(11) NOT NULL DEFAULT 1,
  `activo` tinyint(1) DEFAULT 1,
  `fecha_creacion` timestamp NULL DEFAULT current_timestamp(),
  PRIMARY KEY (`id`),
  KEY `idx_seccion` (`seccion_id`),
  KEY `idx_orden` (`orden`),
  KEY `idx_tipo_pregunta` (`tipo_pregunta`),
  CONSTRAINT `preguntas_ibfk_1` FOREIGN KEY (`seccion_id`) REFERENCES `secciones_evaluacion` (`id`) ON DELETE CASCADE
) ENGINE=InnoDB DEFAULT CHARSET=utf8mb4 COLLATE=utf8mb4_unicode_ci;

INSERT INTO `preguntas` (`id`, `seccion_id`, `pregunta`, `tipo_pregunta`, `opcion_a`, `opcion_b`, `opcion_c`, `respuesta_correcta`, `orden`, `activo`, `fecha_creacion`) VALUES
(2000,	1001,	'¿Qué efecto tiene una alta relación agua/cemento en el concreto endurecido?',	'abierta',	NULL,	NULL,	NULL,	NULL,	1,	1,	'2025-06-19 22:25:52'),
(2001,	1001,	'¿Qué parámetro controla principalmente la fluidez del concreto?',	'seleccion_multiple',	'El contenido de aire',	'El revenimiento',	'El módulo de elasticidad',	'b',	2,	1,	'2025-06-19 22:25:52'),
(2002,	1001,	'¿Cuál es el objetivo del curado del concreto?',	'seleccion_multiple',	'Acelerar el fraguado',	'Reducir la segregación',	'Mantener la humedad para evitar fisuración',	'c',	3,	1,	'2025-06-19 22:25:52'),
(2003,	1001,	'¿Qué prueba se usa comúnmente para medir la consistencia del concreto fresco?',	'seleccion_multiple',	'Ensayo de resistencia a compresión',	'Ensayo de revenimiento',	'Ensayo de módulo elástico',	'b',	4,	1,	'2025-06-19 22:25:52'),
(2004,	1001,	'¿Qué aditivo se usa para retardar el fraguado del concreto?',	'seleccion_multiple',	'Plastificante',	'Retardante',	'Acelerante',	'b',	5,	1,	'2025-06-19 22:25:52'),
(2005,	1001,	'¿Qué característica mejora el uso de agregados angulosos frente a los redondeados?',	'seleccion_multiple',	'Fluidez',	'Adherencia y resistencia mecánica',	'Tiempo de fraguado',	'b',	6,	1,	'2025-06-19 22:25:52'),
(2006,	1001,	'¿Qué puede causar un exceso de finos en los agregados?',	'seleccion_multiple',	'Mayor resistencia',	'Problemas de trabajabilidad y mayor demanda de agua',	'Menor revenimiento',	'b',	7,	1,	'2025-06-19 22:25:52'),
(2007,	1001,	'¿Qué prueba se realiza a los agregados para conocer su desgaste en mezcla?',	'seleccion_multiple',	'Análisis granulométrico',	'Ensayo de Los Ángeles',	'Equivalente de arena',	'b',	8,	1,	'2025-06-19 22:25:52'),
(2008,	1001,	'¿Qué tipo de cemento es más adecuado para zonas con riesgo de ataque por sulfatos?',	'seleccion_multiple',	'Cemento Portland tipo I',	'Cemento Portland tipo V',	'Cemento blanco',	'b',	9,	1,	'2025-06-19 22:25:52'),
(2009,	1001,	'¿Qué sucede si no se corrige la humedad de los agregados en la dosificación?',	'seleccion_multiple',	'El concreto será más resistente',	'Se mantiene constante la trabajabilidad',	'Se altera la relación agua/cemento y la calidad del concreto',	'c',	10,	1,	'2025-06-19 22:25:52'),
(2010,	1001,	'¿Qué se debe hacer antes de iniciar la producción diaria?',	'seleccion_multiple',	'Verificar las condiciones del clima',	'Realizar limpieza superficial únicamente',	'Verificar calibración, niveles de tolvas, aditivos y limpieza',	'c',	11,	1,	'2025-06-19 22:25:52'),
(2011,	1001,	'¿Cuál es el orden de carga típico de materiales en el mezclador?',	'seleccion_multiple',	'Cemento – agua – agregados',	'Agregados – cemento – agua y aditivos',	'Agua – cemento – aditivos – agregados',	'b',	12,	1,	'2025-06-19 22:25:52'),
(2012,	1001,	'¿Qué función cumple el mezclador en la planta?',	'seleccion_multiple',	'Almacenar el concreto',	'Dosificar los materiales',	'Homogeneizar la mezcla',	'c',	13,	1,	'2025-06-19 22:25:52'),
(2013,	1001,	'¿Cuál es el tiempo mínimo recomendado de mezclado para concreto convencional en planta central?',	'seleccion_multiple',	'10 minutos',	'30 segundos a 1 minuto',	'5 segundos',	'b',	14,	1,	'2025-06-19 22:25:52'),
(2014,	1001,	'¿Qué hacer si se detecta concreto con revenimiento fuera de especificación?',	'seleccion_multiple',	'Liberarlo sin pruebas',	'Ajustar con más agua sin control',	'Rechazarlo o ajustarlo según procedimiento controlado',	'c',	15,	1,	'2025-06-19 22:25:52'),
(2015,	1001,	'¿Cuál es una señal de desgaste en las aspas del mezclador?',	'seleccion_multiple',	'Exceso de revenimiento',	'Mezcla no homogénea y tiempos largos de mezclado',	'Pérdida de volumen del concreto',	'b',	16,	1,	'2025-06-19 22:25:52'),
(2016,	1001,	'¿Qué se requiere para un cambio de diseño de mezcla durante la jornada?',	'seleccion_multiple',	'Aviso al operador de bomba',	'Cambiar solo el revenimiento',	'Registro formal y verificación de laboratorio',	'c',	17,	1,	'2025-06-19 22:25:52'),
(2017,	1001,	'¿Qué equipo requiere calibración periódica en planta?',	'seleccion_multiple',	'Compresor de aire',	'Básculas de cemento y agregados',	'Ventilador del tablero eléctrico',	'b',	18,	1,	'2025-06-19 22:25:52'),
(2018,	1001,	'¿Qué problema puede causar el exceso de tiempo entre carga y colocación del concreto?',	'seleccion_multiple',	'Disminución del revenimiento y fraguado adelantado',	'Mayor resistencia',	'Reducción de retracción',	'a',	19,	1,	'2025-06-19 22:25:52'),
(2019,	1001,	'¿Qué aspecto operativo se mejora con un adecuado mantenimiento preventivo del sistema de aditivos?',	'seleccion_multiple',	'El consumo de agua',	'La dosificación precisa y estabilidad de mezcla',	'11. La granulometría del agregado',	'b',	20,	1,	'2025-06-19 22:25:52'),
(2020,	1001,	'¿Qué indica una desviación de más de ±1% en la báscula de cemento?',	'seleccion_multiple',	'Que puede continuar la producción',	'Que debe calibrarse y detener la dosificación',	'Que el cemento está contaminado',	'b',	21,	1,	'2025-06-19 22:25:52'),
(2021,	1001,	'¿Qué acción se debe tomar si un camión llega a obra con el revenimiento muy alto?',	'seleccion_multiple',	'Se descarga sin avisar',	'Se agrega más agregado en obra',	'Se rechaza o se solicita aprobación técnica antes de usar',	'c',	22,	1,	'2025-06-19 22:25:52'),
(2022,	1001,	'¿Qué medida de seguridad es obligatoria para el operador del mezclador?',	'seleccion_multiple',	'Usar radio de comunicación',	'Tener acceso libre al tambor',	'Bloqueo/etiquetado antes de cualquier intervención',	'c',	23,	1,	'2025-06-19 22:25:52'),
(2023,	1001,	'¿Qué acción es prioritaria si se detecta mezcla con color inusual o contaminante?',	'seleccion_multiple',	'Continuar la entrega con menor resistencia',	'Rechazar el lote y detener producción',	'Agregar agua para homogenizar',	'b',	24,	1,	'2025-06-19 22:25:52'),
(2024,	1001,	'¿Cuál es la principal causa de formación de nidos de abeja en el concreto?',	'seleccion_multiple',	'Exceso de vibrado',	'Segregación y mala colocación',	'Curado excesivo',	'b',	25,	1,	'2025-06-19 22:25:52'),
(2025,	1001,	'¿Qué instrumento se usa para medir el contenido de aire en concreto fresco?',	'seleccion_multiple',	'Esclerómetro',	'Balanza de aire tipo presión',	'Probeta de fraguado',	'b',	26,	1,	'2025-06-19 22:25:52'),
(2026,	1001,	'¿Cuál es el objetivo de realizar pruebas de revenimiento, resistencia y contenido de aire?',	'seleccion_multiple',	'Verificar tiempos de entrega',	'Controlar calidad del concreto',	'Estimar costos operativos',	'b',	27,	1,	'2025-06-19 22:25:52'),
(2027,	1001,	'¿Qué documento debe acompañar cada carga de concreto enviado a obra?',	'seleccion_multiple',	'Fotografía del camión',	'Hoja de ruta con firma de chofer',	'Remisión o vale de entrega con especificaciones del lote',	'c',	28,	1,	'2025-06-19 22:25:52'),
(2028,	1001,	'¿Qué indica una desviación frecuente en la resistencia a compresión?',	'seleccion_multiple',	'Que el curado fue excesivo',	'Posible falla en diseño o producción',	'Problema con los moldes',	'b',	29,	1,	'2025-06-19 22:25:52'),
(2029,	1001,	'¿Cuál es la mejor práctica si se necesita modificar un diseño de mezcla aprobado?',	'seleccion_multiple',	'Notificar al operador',	'Solicitar autorización formal y pruebas previas',	'21. Hacer el cambio sin avisar si es leve',	'b',	30,	1,	'2025-06-19 22:25:52'),
(10000,	1002,	'¿Cuál es el primer paso en la planificación diaria de producción?',	'seleccion_multiple',	'Esperar instrucciones de los choferes',	'Revisar los pedidos programados y condiciones de materiales',	'Comenzar a cargar camiones',	'b',	1,	1,	'2025-06-19 23:05:58'),
(10001,	1002,	'¿Qué herramienta ayuda a priorizar cargas cuando hay múltiples pedidos?',	'seleccion_multiple',	'Orden alfabético del cliente',	'Secuencia de carga basada en distancia y resistencia solicitada',	'Capacidad del camión',	'b',	2,	1,	'2025-06-19 23:05:58'),
(10002,	1002,	'¿Qué se debe considerar para programar mezclas con diferentes tipos de aditivos?',	'seleccion_multiple',	'Solo considerar el revenimiento',	'Uso de líneas independientes o lavado entre mezclas',	'Cargar todos los aditivos juntos',	'b',	3,	1,	'2025-06-19 23:05:58'),
(10003,	1002,	'¿Qué permite una correcta planificación de producción?',	'seleccion_multiple',	'Uso continuo del mezclador',	'Minimizar desperdicio, reducir tiempos muertos y evitar rechazos',	'Acelerar el desgaste del equipo',	'b',	4,	1,	'2025-06-19 23:05:58'),
(10004,	1002,	'¿Cómo se debe planear la producción cuando hay mezcla convencional y acelerada el mismo día?',	'seleccion_multiple',	'Planear secuencias separadas y limpieza intermedia',	'Mezclar ambas en un solo diseño',	'Producir solo la mezcla acelerada',	'a',	5,	1,	'2025-06-19 23:05:58'),
(10005,	1002,	'¿Cuál es el riesgo de una mala programación diaria?',	'seleccion_multiple',	'Menor uso de agua',	'Congestión en planta, retrasos y errores en la mezcla',	'Alta eficiencia de carga',	'b',	6,	1,	'2025-06-19 23:05:58'),
(10006,	1002,	'¿Qué aspecto debe coordinarse con el área de ventas para una buena planeación?',	'seleccion_multiple',	'Número de vibradores en obra',	'Los refrigerios del operador',	'Cantidad y horario exacto de los pedidos',	'c',	7,	1,	'2025-06-19 23:05:58'),
(10007,	1002,	'¿Qué variable externa es clave para ajustar la programación diaria?',	'seleccion_multiple',	'Color del cemento',	'Condiciones climáticas y tránsito',	'Velocidad del viento',	'b',	8,	1,	'2025-06-19 23:05:58'),
(10008,	1002,	'¿Qué indicador mide la eficiencia del mezclador por hora?',	'seleccion_multiple',	'Cantidad de aditivo por carga',	'Número de operadores',	'Volumen total producido dividido entre tiempo operativo',	'c',	9,	1,	'2025-06-19 23:05:58'),
(10009,	1002,	'¿Qué parámetro se debe registrar en cada ciclo de carga?',	'seleccion_multiple',	'Hora, diseño, m³, revenimiento, cliente y destino',	'Número de ejes del camión',	'Nombre del operador',	'a',	10,	1,	'2025-06-19 23:05:58'),
(10010,	1002,	'¿Cómo se puede detectar una desviación en el rendimiento diario?',	'seleccion_multiple',	'Comparando contra el total de camiones disponibles',	'Contando los metros cúbicos acumulados',	'Comparando lo producido vs. lo programado',	'c',	11,	1,	'2025-06-19 23:05:58'),
(10011,	1002,	'¿Qué significa una baja producción con alto tiempo operativo?',	'seleccion_multiple',	'Bajo rendimiento y posible ineficiencia',	'Alta eficiencia',	'Desperdicio controlado',	'a',	12,	1,	'2025-06-19 23:05:58'),
(10012,	1002,	'¿Qué hacer si se detecta un incremento en tiempos muertos entre cargas?',	'seleccion_multiple',	'Ajustar horarios de carga y revisar logística de patio',	'Usar mezcla más fluida',	'Ignorarlo',	'a',	13,	1,	'2025-06-19 23:05:58'),
(10013,	1002,	'¿Qué se debe hacer si un pedido se cancela de último momento?',	'seleccion_multiple',	'Continuar la producción y almacenar el concreto',	'Usar la mezcla para otro cliente sin aviso',	'Detener la producción y reajustar programación',	'c',	14,	1,	'2025-06-19 23:05:58'),
(10014,	1002,	'¿Qué documento permite rastrear la producción de cada camión?',	'seleccion_multiple',	'Ticket de carga con número de lote y datos de mezcla',	'Vale de mantenimiento',	'Factura',	'a',	15,	1,	'2025-06-19 23:05:58'),
(10015,	1002,	'¿Qué permite un buen registro de producción diaria?',	'seleccion_multiple',	'Llevar estadísticas sin valor técnico',	'Llenar espacio en reportes',	'Tomar decisiones informadas, detectar errores y planear mejoras',	'c',	16,	1,	'2025-06-19 23:05:58'),
(10016,	1002,	'¿Qué aspecto logístico interno puede afectar el ritmo de producción?',	'seleccion_multiple',	'El color de los camiones',	'La ubicación de las tolvas y ruta de carga',	'La marca de los aditivos',	'b',	17,	1,	'2025-06-19 23:05:58'),
(10017,	1002,	'¿Cómo se puede reducir la espera de camiones listos para cargar?',	'seleccion_multiple',	'Manteniéndolos encendidos',	'Cargando sin verificar diseño',	'Coordinando horarios de llegada y prechequeo',	'c',	18,	1,	'2025-06-19 23:05:58'),
(10018,	1002,	'¿Qué estrategia mejora el flujo interno en planta en horas pico?',	'seleccion_multiple',	'Bloquear la entrada',	'Dejar libre acceso sin supervisión',	'Separar entradas y salidas, establecer señalización y horarios escalonados',	'c',	19,	1,	'2025-06-19 23:05:58'),
(10019,	1002,	'¿Qué hacer si el tráfico o clima afecta la entrega?',	'seleccion_multiple',	'Reprogramar turnos, avisar a cliente y ajustar diseño si es necesario',	'Enviar el concreto sin importar condiciones',	'No intervenir',	'a',	20,	1,	'2025-06-19 23:05:58'),
(10020,	1002,	'¿Qué implica una buena coordinación con operadores de camión?',	'seleccion_multiple',	'Instrucciones claras, comunicación constante y horarios definidos',	'Que ellos planifiquen la producción',	'Que ellos limpien la planta',	'a',	21,	1,	'2025-06-19 23:05:58'),
(10021,	1002,	'¿Qué hacer si hay atasco en el cargadero?',	'seleccion_multiple',	'Cambiar los diseños de mezcla',	'Detener producción sin avisar',	'Coordinar orden de carga y usar personal para agilizar tránsito',	'c',	22,	1,	'2025-06-19 23:05:58'),
(10022,	1002,	'¿Qué equipo requiere revisión constante para evitar interrupciones de carga?',	'seleccion_multiple',	'Cámaras de seguridad',	'Puertas de baños',	'Tolvas, compresores, válvulas y sistema de pesaje',	'c',	23,	1,	'2025-06-19 23:05:58'),
(10023,	1002,	'¿Qué hacer si hay una falla crítica en el sistema de pesaje durante la jornada?',	'seleccion_multiple',	'Continuar producción a ojo',	'Pedir ayuda a un operador',	'Detener la planta, informar y activar protocolo de contingencia',	'c',	24,	1,	'2025-06-19 23:05:58'),
(10024,	1002,	'¿Cuál es el criterio principal para aceptar una mezcla modificada durante la jornada?',	'seleccion_multiple',	'Que el cliente no se dé cuenta',	'Que la pida el operador',	'Que esté documentada, validada y registrada por laboratorio',	'c',	25,	1,	'2025-06-19 23:05:58'),
(10025,	1002,	'¿Qué hacer si el operador del mezclador reporta concreto muy seco?',	'seleccion_multiple',	'Verificar parámetros y ajustar con control',	'Detener toda la producción sin revisión',	'Aumentar agua sin medir',	'a',	26,	1,	'2025-06-19 23:05:58'),
(10026,	1002,	'¿Qué decisión tomar si la planta supera su capacidad instalada?',	'seleccion_multiple',	'Reducir la calidad del concreto',	'Reprogramar entregas o contratar apoyo externo',	'Enviar concreto incompleto',	'b',	27,	1,	'2025-06-19 23:05:58'),
(10027,	1002,	'¿Qué hacer si se detecta desperdicio de material en la zona de carga?',	'seleccion_multiple',	'Considerarlo parte de la producción',	'Identificar la causa y corregir procedimiento',	'Limpiar sin registrar',	'b',	28,	1,	'2025-06-19 23:05:58'),
(10028,	1002,	'¿Qué opción mejora la productividad general de planta?',	'seleccion_multiple',	'Cambiar los diseños todos los días',	'Aumentar horas sin planificación',	'Implementar mantenimiento, planificación y supervisión de ciclos',	'c',	29,	1,	'2025-06-19 23:05:58'),
(10029,	1002,	'¿Qué se debe hacer al finalizar la jornada de producción?',	'seleccion_multiple',	'Dejar camiones cargados',	'Lavar mezclador, verificar registros, hacer respaldo y preparar para el día siguiente',	'Apagar todo inmediatamente',	'b',	30,	1,	'2025-06-19 23:05:58'),
(10030,	1003,	'¿Qué es un mantenimiento preventivo?',	'seleccion_multiple',	'Cambio completo de piezas cada mes',	'Reparación después de una falla',	'Programa para evitar fallas con revisiones periódicas',	'c',	1,	1,	'2025-06-19 23:07:22'),
(10031,	1003,	'¿Cuál es la principal ventaja del mantenimiento predictivo?',	'seleccion_multiple',	'Detectar fallas antes de que ocurran',	'Evita todo tipo de mantenimiento',	'Requiere mayor inversión',	'a',	2,	1,	'2025-06-19 23:07:22'),
(10032,	1003,	'¿Con qué frecuencia se deben revisar los niveles de aceite del mezclador?',	'seleccion_multiple',	'Una vez al mes',	'Cuando el operador lo note',	'Cada inicio de jornada',	'c',	3,	1,	'2025-06-19 23:07:22'),
(10033,	1003,	'¿Qué se debe hacer antes de realizar cualquier reparación en un equipo eléctrico?',	'seleccion_multiple',	'Apagar las luces',	'Desconectar la fuente de energía',	'Llamar al jefe de planta',	'b',	4,	1,	'2025-06-19 23:07:22'),
(10034,	1003,	'¿Cuál es el primer paso en un plan de mantenimiento?',	'seleccion_multiple',	'Hacer un inventario de los equipos',	'Comprar piezas nuevas',	'Revisar manuales del fabricante',	'a',	5,	1,	'2025-06-19 23:07:22'),
(10035,	1003,	'¿Qué indica un ruido anormal en un reductor de velocidad?',	'seleccion_multiple',	'Lubricación excesiva',	'Operación normal',	'Desgaste o falla inminente',	'c',	6,	1,	'2025-06-19 23:07:22'),
(10036,	1003,	'¿Qué herramienta se usa comúnmente para medir la vibración en motores?',	'seleccion_multiple',	'Voltímetro',	'Acelerómetro',	'Termómetro infrarrojo',	'b',	7,	1,	'2025-06-19 23:07:22'),
(10037,	1003,	'¿Qué se debe hacer si se detecta una fuga de aceite hidráulico?',	'seleccion_multiple',	'Colocar trapos debajo',	'Aumentar la presión del sistema',	'Detener el equipo y reparar de inmediato',	'c',	8,	1,	'2025-06-19 23:07:22'),
(10038,	1003,	'¿Qué componente requiere lubricación periódica en un sistema de bandas?',	'seleccion_multiple',	'Interruptores',	'Tanque de agua',	'Rodamientos',	'c',	9,	1,	'2025-06-19 23:07:22'),
(10039,	1003,	'¿Qué parámetro se debe controlar en el sistema de pesaje para evitar errores?',	'seleccion_multiple',	'Marca del cemento',	'Temperatura ambiente',	'Calibración constante',	'c',	10,	1,	'2025-06-19 23:07:22'),
(10040,	1003,	'¿Qué hacer si el sistema de control automático presenta fallas?',	'seleccion_multiple',	'Ignorar la falla',	'Cambiar de proveedor de concreto',	'Revisar conexiones y reiniciar sistema',	'c',	11,	1,	'2025-06-19 23:07:22'),
(10041,	1003,	'¿Cuál es la función de un checklist de mantenimiento diario?',	'seleccion_multiple',	'Calibrar balanzas mensualmente',	'Llevar registro de combustible',	'Prevenir fallas con revisión rápida',	'c',	12,	1,	'2025-06-19 23:07:22'),
(10042,	1003,	'¿Qué se debe revisar antes de arrancar la planta cada día?',	'seleccion_multiple',	'Cierre de puertas',	'Estado de la papelería',	'Nivel de aceite, presión de aire y sensores',	'c',	13,	1,	'2025-06-19 23:07:22'),
(10043,	1003,	'¿Qué hacer si se detecta una fuga de agua en el tambor del mezclador?',	'seleccion_multiple',	'Agregar más agua',	'Continuar trabajando',	'Detener el equipo y sellar la fuga',	'c',	14,	1,	'2025-06-19 23:07:22'),
(10044,	1003,	'¿Por qué es importante registrar todas las actividades de mantenimiento?',	'seleccion_multiple',	'Solo por formalidad',	'Para aumentar el consumo de refacciones',	'Historial para diagnósticos y seguimiento',	'c',	15,	1,	'2025-06-19 23:07:22'),
(10045,	1003,	'¿Qué indica un sobrecalentamiento en el motor del compresor?',	'seleccion_multiple',	'Posible fallo de ventilación o sobrecarga',	'Condiciones normales de trabajo',	'Falta de aditivos',	'a',	16,	1,	'2025-06-19 23:07:22'),
(10046,	1003,	'¿Qué se debe hacer cuando un componente muestra desgaste excesivo?',	'seleccion_multiple',	'Reducir la producción',	'Esperar una parada mayor',	'Reemplazarlo lo antes posible',	'c',	17,	1,	'2025-06-19 23:07:22'),
(10047,	1003,	'¿Cuál es la consecuencia de no calibrar el sistema de pesaje regularmente?',	'seleccion_multiple',	'Mayor eficiencia',	'Reducción de aditivos',	'Errores de pesaje y producción incorrecta',	'c',	18,	1,	'2025-06-19 23:07:22'),
(10048,	1003,	'¿Qué equipo requiere verificación frecuente durante clima lluvioso?',	'seleccion_multiple',	'Motor de arranque',	'Sistema de enfriamiento',	'Sistema eléctrico',	'c',	19,	1,	'2025-06-19 23:07:22'),
(10049,	1003,	'¿Cuál es el propósito del mantenimiento correctivo?',	'seleccion_multiple',	'Corregir una falla existente',	'Prevenir fallas',	'Limpiar el área de trabajo',	'a',	20,	1,	'2025-06-19 23:07:22'),
(10050,	1003,	'¿Qué aspecto es vital para evitar paros no programados?',	'seleccion_multiple',	'Entrevistas al personal',	'Revisión del clima',	'Planificación de mantenimiento y repuestos',	'c',	21,	1,	'2025-06-19 23:07:22'),
(10051,	1003,	'¿Qué indica una variación continua en el tiempo de mezcla?',	'seleccion_multiple',	'Buena calidad del concreto',	'Aditivo mal dosificado',	'Problemas mecánicos en el mezclador',	'c',	22,	1,	'2025-06-19 23:07:22'),
(10052,	1003,	'¿Qué hacer si la banda transportadora presenta desalineación?',	'seleccion_multiple',	'Aumentar velocidad',	'Reemplazar operador',	'Detener el equipo y alinear o ajustar',	'c',	23,	1,	'2025-06-19 23:07:22'),
(10053,	1003,	'¿Qué equipo requiere limpieza periódica para evitar acumulación de material?',	'seleccion_multiple',	'Oficinas',	'Extintores',	'Mezclador',	'c',	24,	1,	'2025-06-19 23:07:22'),
(10054,	1003,	'¿Qué se debe revisar para asegurar el funcionamiento del sistema neumático?',	'seleccion_multiple',	'Color del tanque',	'Tamaño de la tolva',	'Conexiones, presión y válvulas',	'c',	25,	1,	'2025-06-19 23:07:22'),
(10055,	1003,	'¿Qué acción es obligatoria durante una intervención mayor al mezclador?',	'seleccion_multiple',	'Cerrar la puerta',	'Apagar luces exteriores',	'Bloquear y etiquetar fuente de energía',	'c',	26,	1,	'2025-06-19 23:07:22'),
(10056,	1003,	'¿Qué se revisa al checar el nivel del aceite hidráulico?',	'seleccion_multiple',	'Volumen del tambor',	'Presión del agua',	'Cantidad y color del aceite',	'c',	27,	1,	'2025-06-19 23:07:22'),
(10057,	1003,	'¿Qué hacer si un sensor de pesaje muestra valores erráticos?',	'seleccion_multiple',	'Golpear el sensor',	'Ignorar la variación',	'Calibrar o reemplazar el sensor',	'c',	28,	1,	'2025-06-19 23:07:22'),
(10058,	1003,	'¿Qué componente del sistema de aditivos debe revisarse con regularidad?',	'seleccion_multiple',	'Bombas dosificadoras',	'Extintores',	'Pipas de agua',	'a',	29,	1,	'2025-06-19 23:07:22'),
(10059,	1003,	'¿Qué debe incluir un programa mensual de mantenimiento?',	'seleccion_multiple',	'Limpieza general',	'Entrevistas, folletos y pruebas físicas',	'Checklist, cronograma, responsables y fechas',	'c',	30,	1,	'2025-06-19 23:07:22'),
(10060,	1004,	'¿Cuál es una función clave del jefe de planta en la gestión del personal?',	'seleccion_multiple',	'Realizar mezclas directamente',	'Asignar funciones y supervisar desempeño',	'Llevar la contabilidad financiera',	'b',	1,	1,	'2025-06-19 23:22:29'),
(10061,	1004,	'¿Qué acción fortalece la motivación del equipo de trabajo?',	'seleccion_multiple',	'Castigar errores severamente',	'Reconocer logros y dar retroalimentación',	'Rotar al personal sin avisar',	'b',	2,	1,	'2025-06-19 23:22:29'),
(10062,	1004,	'¿Qué aspecto es esencial al delegar tareas?',	'seleccion_multiple',	'Asegurarse que la persona esté ocupada',	'Capacidad y competencia del trabajador',	'Evitar darle instrucciones claras',	'b',	3,	1,	'2025-06-19 23:22:29'),
(10063,	1004,	'¿Qué debe incluir una inducción adecuada al personal nuevo?',	'seleccion_multiple',	'Recorrido por planta, normas, funciones y EPP',	'Solo presentación con el jefe',	'Entrega de uniforme y ya',	'a',	4,	1,	'2025-06-19 23:22:29'),
(10064,	1004,	'¿Qué herramienta ayuda a identificar necesidades de capacitación?',	'seleccion_multiple',	'Quejas del personal',	'Evaluaciones de desempeño',	'Opinión del proveedor',	'b',	5,	1,	'2025-06-19 23:22:29'),
(10065,	1004,	'¿Cuál es el beneficio de establecer turnos bien organizados?',	'seleccion_multiple',	'Menos carga administrativa',	'Mayor continuidad operativa y menor fatiga',	'Aumentar el tiempo de descanso',	'b',	6,	1,	'2025-06-19 23:22:29'),
(10066,	1004,	'¿Cómo debe manejarse un conflicto entre operadores?',	'seleccion_multiple',	'Ignorarlo hasta que se calme',	'Intervenir con imparcialidad y buscar solución',	'Cambiar de área a uno sin explicar',	'b',	7,	1,	'2025-06-19 23:22:29'),
(10067,	1004,	'¿Qué documento se usa para registrar faltas, retardos o incidencias?',	'seleccion_multiple',	'Formato de calidad',	'Bitácora o control de asistencia',	'Lista de materiales',	'b',	8,	1,	'2025-06-19 23:22:29'),
(10068,	1004,	'¿Qué debe hacer un jefe al detectar bajo desempeño repetido?',	'seleccion_multiple',	'Despedir al trabajador sin más',	'Dar retroalimentación y plan de mejora',	'Reportarlo a otro jefe sin intervenir',	'b',	9,	1,	'2025-06-19 23:22:29'),
(10069,	1004,	'¿Qué estrategia mejora el compromiso del personal?',	'seleccion_multiple',	'Cambiar las reglas sin consultar',	'Incluir al equipo en decisiones operativas',	'Anunciar los cambios por cartel',	'b',	10,	1,	'2025-06-19 23:22:29'),
(10070,	1004,	'¿Qué acción reduce los riesgos de rotación de personal?',	'seleccion_multiple',	'Omitir capacitación',	'Ofrecer desarrollo y buen clima laboral',	'Contratar familiares',	'b',	11,	1,	'2025-06-19 23:22:29'),
(10071,	1004,	'¿Qué hacer si un operador se rehúsa a usar EPP?',	'seleccion_multiple',	'Tolerarlo si no hay supervisor',	'Advertencia formal y refuerzo de normas',	'Cambiarlo de puesto sin avisar',	'b',	12,	1,	'2025-06-19 23:22:29'),
(10072,	1004,	'¿Cuál es la mejor forma de asegurar buena comunicación interna?',	'seleccion_multiple',	'Reuniones solo cuando hay problemas',	'Canales formales, reuniones regulares y claridad',	'Solo usar carteles',	'b',	13,	1,	'2025-06-19 23:22:29'),
(10073,	1004,	'¿Qué indicador ayuda a evaluar la eficiencia del personal?',	'seleccion_multiple',	'Número de cafés por turno',	'Producción por jornada por operador',	'Marca del uniforme',	'b',	14,	1,	'2025-06-19 23:22:29'),
(10074,	1004,	'¿Qué puede provocar una mala rotación de turnos?',	'seleccion_multiple',	'Fatiga, errores y baja productividad',	'Mayor descanso',	'Más uniformidad',	'a',	15,	1,	'2025-06-19 23:22:29'),
(10075,	1004,	'¿Qué medida ayuda a mejorar el clima laboral?',	'seleccion_multiple',	'Escuchar sugerencias del equipo',	'Imponer sanciones sin aviso',	'Dejar que trabajen sin supervisión',	'a',	16,	1,	'2025-06-19 23:22:29'),
(10076,	1004,	'¿Qué actitud debe evitar un líder de planta?',	'seleccion_multiple',	'Autoritarismo y falta de escucha',	'Claridad y firmeza',	'Retroalimentación oportuna',	'a',	17,	1,	'2025-06-19 23:22:29'),
(10077,	1004,	'¿Cómo se asegura la mejora continua del personal?',	'seleccion_multiple',	'Dejando que aprendan por experiencia',	'Capacitación constante y evaluación',	'Contratando nuevos empleados',	'b',	18,	1,	'2025-06-19 23:22:29'),
(10078,	1004,	'¿Qué hacer si un trabajador muestra síntomas de agotamiento?',	'seleccion_multiple',	'Cambiarle el uniforme',	'Reasignar funciones y evaluar carga laboral',	'Ignorarlo',	'b',	19,	1,	'2025-06-19 23:22:29'),
(10079,	1004,	'¿Qué habilidad interpersonal es más importante para un jefe de planta?',	'seleccion_multiple',	'Fuerza física',	'Comunicación efectiva y liderazgo',	'Conocer todos los procesos manuales',	'b',	20,	1,	'2025-06-19 23:22:29'),
(10080,	1004,	'¿Qué significa tener una cultura organizacional sólida?',	'seleccion_multiple',	'Decorar bien la oficina',	'Valores compartidos y compromiso del equipo',	'Que todos se vistan igual',	'b',	21,	1,	'2025-06-19 23:22:29'),
(10081,	1004,	'¿Qué tipo de capacitación debe recibir el personal operativo?',	'seleccion_multiple',	'Solo teoría',	'Teórico-práctica, enfocada a su función',	'Temas financieros',	'b',	22,	1,	'2025-06-19 23:22:29'),
(10082,	1004,	'¿Qué implica un liderazgo positivo?',	'seleccion_multiple',	'Guiar con el ejemplo, motivar y resolver conflictos',	'Evitar contacto con el equipo',	'Hacer todo solo',	'a',	23,	1,	'2025-06-19 23:22:29'),
(10083,	1004,	'¿Qué herramienta permite planear mejor las jornadas laborales?',	'seleccion_multiple',	'Lista de precios del concreto',	'Rol de turnos y control de asistencia',	'Rutina de limpieza',	'b',	24,	1,	'2025-06-19 23:22:29'),
(10084,	1004,	'¿Cómo se promueve la responsabilidad en el personal?',	'seleccion_multiple',	'Dando tareas sin supervisión',	'Asignando roles claros y seguimiento',	'Aumentando el horario',	'b',	25,	1,	'2025-06-19 23:22:29'),
(10085,	1004,	'¿Qué puede causar el favoritismo en el equipo?',	'seleccion_multiple',	'Mejora del ambiente',	'Desmotivación y conflictos',	'Más productividad',	'b',	26,	1,	'2025-06-19 23:22:29'),
(10086,	1004,	'¿Cuál es la mejor manera de evaluar competencias técnicas del personal?',	'seleccion_multiple',	'Revisión visual',	'Pruebas prácticas y observación en campo',	'Consultar con amigos',	'b',	27,	1,	'2025-06-19 23:22:29'),
(10087,	1004,	'¿Qué acción debe tomar el jefe ante constantes retrasos de un operador?',	'seleccion_multiple',	'Ignorarlo',	'Aplicar medidas disciplinarias graduales',	'Cambiarlo de turno sin hablarlo',	'b',	28,	1,	'2025-06-19 23:22:29'),
(10088,	1004,	'¿Cuál es el objetivo de la retroalimentación efectiva?',	'seleccion_multiple',	'Señalar errores',	'Mejorar desempeño y alinear expectativas',	'Aumentar el control',	'b',	29,	1,	'2025-06-19 23:22:29'),
(10089,	1004,	'¿Qué es importante al contratar nuevo personal?',	'seleccion_multiple',	'Que tenga conocidos en la planta',	'Evaluar competencias, actitud y referencias',	'Que no cuestione órdenes',	'b',	30,	1,	'2025-06-19 23:22:29'),
(10090,	1010,	'¿Cuál es el primer paso para resolver un problema operativo urgente?',	'seleccion_multiple',	'Informar al cliente',	'Identificar el problema claramente y notificar',	'Reiniciar el sistema',	'b',	1,	1,	'2025-06-19 23:25:56'),
(10091,	1010,	'¿Qué hacer si un operador comete un error repetidamente?',	'seleccion_multiple',	'Ignorar el error',	'Capacitar, retroalimentar y supervisar',	'Cambiar de puesto sin hablar',	'b',	2,	1,	'2025-06-19 23:25:56'),
(10092,	1010,	'¿Cómo se abordan fallas en el mezclador durante la producción?',	'seleccion_multiple',	'Esperar a que termine el turno',	'Detener la planta sin aviso',	'Parar equipo, informar y activar protocolo técnico',	'c',	3,	1,	'2025-06-19 23:25:56'),
(10093,	1010,	'¿Qué acción tomar si un cliente se queja de la calidad del concreto?',	'seleccion_multiple',	'Disculparse sin registrar',	'Ignorar la queja',	'Investigar, registrar y dar seguimiento inmediato',	'c',	4,	1,	'2025-06-19 23:25:56'),
(10094,	1010,	'¿Qué debe incluir un análisis de causa raíz?',	'seleccion_multiple',	'Manual del operador',	'Hechos, causas, consecuencias y responsables',	'Copias de bitácoras',	'b',	5,	1,	'2025-06-19 23:25:56'),
(10095,	1010,	'¿Cuál es el objetivo principal de una reunión de resolución de problemas?',	'seleccion_multiple',	'Crear conflictos',	'Buscar soluciones efectivas en equipo',	'Asignar culpables',	'b',	6,	1,	'2025-06-19 23:25:56'),
(10096,	1010,	'¿Qué herramienta se puede usar para identificar causas de fallas recurrentes?',	'seleccion_multiple',	'Diagrama de Ishikawa o de Pareto',	'Control de asistencia',	'Lista de gastos',	'a',	7,	1,	'2025-06-19 23:25:56'),
(10097,	1010,	'¿Qué hacer si el laboratorio no entrega resultados a tiempo?',	'seleccion_multiple',	'Exigir resultados inmediatos',	'Cambiar laboratorio',	'Llamar, registrar y definir solución alternativa',	'c',	8,	1,	'2025-06-19 23:25:56'),
(10098,	1010,	'¿Cómo actuar ante una fuga de aceite en un equipo?',	'seleccion_multiple',	'Detener el equipo, aislar la falla y reportar',	'Tapar la fuga con un trapo',	'Seguir operando',	'a',	9,	1,	'2025-06-19 23:25:56'),
(10099,	1010,	'¿Qué implica una solución correctiva?',	'seleccion_multiple',	'Diagnóstico general',	'Acción que elimina la causa del problema detectado',	'Cambiar de turno',	'b',	10,	1,	'2025-06-19 23:25:56'),
(10100,	1010,	'¿Qué es una acción preventiva?',	'seleccion_multiple',	'Solo observar',	'Evitar que el problema ocurra en el futuro',	'Asignar el mismo operador',	'b',	11,	1,	'2025-06-19 23:25:56'),
(10101,	1010,	'¿Cómo manejar un error en la dosificación reportado por el cliente?',	'seleccion_multiple',	'Culpar al chofer',	'Verificar bitácora, dosificación y dar respuesta técnica',	'Repetir la carga sin confirmar',	'b',	12,	1,	'2025-06-19 23:25:56'),
(10102,	1010,	'¿Qué hacer si el sistema automatizado se detiene?',	'seleccion_multiple',	'Desconectar todo',	'Revisar fallas, activar respaldo manual y comunicar',	'Esperar 30 minutos',	'b',	13,	1,	'2025-06-19 23:25:56'),
(10103,	1010,	'¿Qué actitud debe mostrar el jefe ante un problema grave?',	'seleccion_multiple',	'Enojo y presión',	'Escucha activa, liderazgo y solución inmediata',	'Silencio y evasión',	'b',	14,	1,	'2025-06-19 23:25:56'),
(10104,	1010,	'¿Qué información debe recopilarse para tomar decisiones?',	'seleccion_multiple',	'Opiniones personales',	'Datos, registros y evidencia técnica',	'Conversaciones de pasillo',	'b',	15,	1,	'2025-06-19 23:25:56'),
(10105,	1010,	'¿Cuál es el riesgo de no resolver un problema a tiempo?',	'seleccion_multiple',	'Nada',	'Riesgo de repetición, pérdidas y quejas',	'Ventaja en costos',	'b',	16,	1,	'2025-06-19 23:25:56'),
(10106,	1010,	'¿Qué estrategia ayuda a prevenir problemas similares en el futuro?',	'seleccion_multiple',	'Despedir al responsable',	'Implementar procedimientos y capacitaciones',	'No dejar registro',	'b',	17,	1,	'2025-06-19 23:25:56'),
(10107,	1010,	'¿Qué hacer si no se cuenta con un técnico en sitio?',	'seleccion_multiple',	'Apagar todo\r\n',	'Contactar soporte externo y seguir protocolo provisional\r\n',	'Llamar a todos los operadores\r\n',	NULL,	18,	1,	'2025-06-19 23:25:56'),
(10108,	1010,	'¿Qué herramienta ayuda a priorizar problemas?',	'seleccion_multiple',	'Orden de carga',	'Plan de concreto',	'Matriz de priorización o análisis de impacto',	'c',	19,	1,	'2025-06-19 23:25:56'),
(10109,	1010,	'¿Cómo manejar la presión durante una crisis en producción?',	'seleccion_multiple',	'Desconectarse de la situación',	'Mantener calma, priorizar acciones y comunicar',	'Delegar sin criterio',	'b',	20,	1,	'2025-06-19 23:25:56'),
(10110,	1010,	'¿Qué importancia tiene documentar las soluciones aplicadas?',	'seleccion_multiple',	'Deja evidencia para mejoras futuras y auditoría',	'Retrasa la operación',	'No es necesaria',	'a',	21,	1,	'2025-06-19 23:25:56'),
(10111,	1010,	'¿Qué hacer si una falla se repite pese a acciones correctivas?',	'seleccion_multiple',	'Ignorar el problema',	'Investigar nuevamente y reforzar acciones o cambiar enfoque',	'Repetir la solución anterior',	'b',	22,	1,	'2025-06-19 23:25:56'),
(10112,	1010,	'¿Qué herramienta permite evaluar el impacto de un problema?',	'seleccion_multiple',	'Análisis de impacto o matriz de criticidad',	'Informe de ventas',	'Bitácora de visitas',	'a',	23,	1,	'2025-06-19 23:25:56'),
(10113,	1010,	'¿Cuál es una buena práctica para revisar la efectividad de una solución?',	'seleccion_multiple',	'Cambiar al personal',	'Repetir la solución',	'Verificar resultados y dar seguimiento',	'c',	24,	1,	'2025-06-19 23:25:56'),
(10114,	1010,	'¿Cómo garantizar que un problema no se repita?',	'seleccion_multiple',	'Suspender toda la planta',	'Capacitar, monitorear y verificar cumplimiento continuo',	'Crear nuevo manual',	'b',	25,	1,	'2025-06-19 23:25:56'),
(10115,	1010,	'¿Qué debe hacerse tras implementar una solución temporal?',	'seleccion_multiple',	'Dejarla como definitiva',	'Evaluar y preparar solución permanente',	'Informar al operador',	'b',	26,	1,	'2025-06-19 23:25:56'),
(10116,	1010,	'¿Qué acción se recomienda ante una falla eléctrica general?',	'seleccion_multiple',	'Buscar ayuda en redes',	'Verificar planta, activar respaldo y contactar soporte',	'Esperar a que regrese la luz',	'b',	27,	1,	'2025-06-19 23:25:56'),
(10117,	1010,	'¿Qué debe evitarse en la resolución de problemas?',	'seleccion_multiple',	'Buscar culpables antes de entender el problema',	'Cortar el servicio',	'Llamar al operador',	'a',	28,	1,	'2025-06-19 23:25:56'),
(10118,	1010,	'¿Qué hacer si un problema requiere decisión urgente?',	'seleccion_multiple',	'Esperar la junta de la tarde',	'Aplicar cualquier solución',	'Tomar decisión informada basada en datos y experiencia',	'c',	29,	1,	'2025-06-19 23:25:56'),
(10119,	1010,	'¿Qué actitud fomenta un ambiente de resolución efectiva?',	'seleccion_multiple',	'Gritar para que obedezcan',	'Ordenar sin escuchar',	'Fomentar comunicación, colaboración y liderazgo',	'c',	30,	1,	'2025-06-19 23:25:56'),
(10120,	1009,	'¿Cuál es una función clave del jefe de planta en coordinación con logística?',	'seleccion_multiple',	'Enlazar producción con rutas y tiempos',	'Coordinar entregas, pedidos y programación diaria',	'Organizar pagos y facturas',	'b',	1,	1,	'2025-06-19 23:25:46'),
(10121,	1009,	'¿Qué información debe contener una orden de carga?',	'seleccion_multiple',	'Volumen, hora, tipo de concreto',	'Cliente, destino, hora y tipo de mezcla',	'Nombre del operador y clima',	'b',	2,	1,	'2025-06-19 23:25:46'),
(10122,	1009,	'¿Cómo se confirma la recepción del pedido por parte del cliente?',	'seleccion_multiple',	'Mediante confirmación escrita o digital',	'Solo con llamada',	'Cuando llega el camión',	'a',	3,	1,	'2025-06-19 23:25:46'),
(10123,	1009,	'¿Qué hacer si el cliente cambia la hora de entrega con poca anticipación?',	'seleccion_multiple',	'Reprogramar formalmente e informar a producción',	'Cancelar sin registro',	'Ignorar el cambio',	'a',	4,	1,	'2025-06-19 23:25:46'),
(10124,	1009,	'¿Qué canal debe priorizarse para comunicación con logística?',	'seleccion_multiple',	'Llamadas personales',	'Sistema digital o medios oficiales',	'Redes sociales',	'b',	5,	1,	'2025-06-19 23:25:46'),
(10125,	1009,	'¿Cómo debe documentarse una entrega fuera de horario?',	'seleccion_multiple',	'Solicitar aprobación de dirección',	'Anotar en bitácora y adjuntar remisión',	'No es necesario documentarlo',	'b',	6,	1,	'2025-06-19 23:25:46'),
(10126,	1009,	'¿Cuál es la mejor práctica si hay tráfico y la entrega se retrasará?',	'seleccion_multiple',	'Informar al cliente tras la entrega',	'Contactar al cliente anticipadamente y registrar',	'Esperar y no reportar',	'b',	7,	1,	'2025-06-19 23:25:46'),
(10127,	1009,	'¿Qué debe verificarse antes de despachar un camión?',	'seleccion_multiple',	'Combustible, presión de llantas y ruta',	'Clima y tipo de obra',	'Orden, horario, calidad del concreto y destino',	'c',	8,	1,	'2025-06-19 23:25:46'),
(10128,	1009,	'¿Qué acción tomar si el cliente rechaza una carga en sitio?',	'seleccion_multiple',	'Rebatir con argumentos técnicos',	'Registrar como devolución y analizar causa',	'Descargar sin preguntar',	'b',	9,	1,	'2025-06-19 23:25:46'),
(10129,	1009,	'¿Qué documento debe firmar el cliente al recibir el concreto?',	'seleccion_multiple',	'Carta de presentación',	'Remisión o guía de entrega firmada',	'Bitácora del operador',	'b',	10,	1,	'2025-06-19 23:25:46'),
(10130,	1009,	'¿Cuál es el objetivo de la bitácora de entregas?',	'seleccion_multiple',	'Informar clima del día',	'Verificar cumplimiento, tiempos y observaciones',	'Contar cuántos camiones salieron',	'b',	11,	1,	'2025-06-19 23:25:46'),
(10131,	1009,	'¿Qué información debe conocer el operador antes de salir?',	'seleccion_multiple',	'Clima, ruta, destino, mezcla',	'Solo el clima',	'Destino, horario, mezcla y contacto del cliente',	'c',	12,	1,	'2025-06-19 23:25:46'),
(10132,	1009,	'¿Cómo afecta la mala coordinación logística a la planta?',	'seleccion_multiple',	'Mejora la calidad del concreto',	'Reduce costos de mezcla',	'Genera atrasos, quejas y desperdicio',	'c',	13,	1,	'2025-06-19 23:25:46'),
(10133,	1009,	'¿Qué indicador refleja eficiencia en entregas?',	'seleccion_multiple',	'Índice de puntualidad o cumplimiento de entregas',	'Total de llamadas',	'Horas trabajadas',	'a',	14,	1,	'2025-06-19 23:25:46'),
(10134,	1009,	'¿Qué hacer si el camión regresa con concreto no usado?',	'seleccion_multiple',	'Guardarlo sin registrar',	'Registrar sobrante y evaluar causas',	'Vaciarlo en el terreno',	'b',	15,	1,	'2025-06-19 23:25:46'),
(10135,	1009,	'¿Cómo se puede mejorar la puntualidad en las entregas?',	'seleccion_multiple',	'Solo avisar al operador',	'Optimizar programación y comunicación anticipada',	'Acortar la mezcla',	'b',	16,	1,	'2025-06-19 23:25:46'),
(10136,	1009,	'¿Cuál es el rol del jefe de planta en la programación diaria?',	'seleccion_multiple',	'Cerrar turnos',	'Revisar reportes',	'Asignar horarios, pedidos y equipos según demanda',	'c',	17,	1,	'2025-06-19 23:25:46'),
(10137,	1009,	'¿Qué hacer si hay una doble programación para un mismo cliente?',	'seleccion_multiple',	'Ignorar el segundo pedido',	'Reprogramar y confirmar con ambas partes',	'Cargar primero lo más cercano',	'b',	18,	1,	'2025-06-19 23:25:46'),
(10138,	1009,	'¿Qué herramienta permite visualizar toda la programación del día?',	'seleccion_multiple',	'Bitácora diaria',	'Dashboard de programación o software logístico',	'Calendario de oficina',	'b',	19,	1,	'2025-06-19 23:25:46'),
(10139,	1009,	'¿Qué actitud debe tener el jefe de planta ante una queja del cliente?',	'seleccion_multiple',	'Pasar la queja al operador',	'Escuchar, registrar y dar seguimiento inmediato',	'Culpar a logística',	'b',	20,	1,	'2025-06-19 23:25:46'),
(10140,	1009,	'¿Cómo se actualizan los pedidos urgentes?',	'seleccion_multiple',	'Registrar, comunicar y reprogramar con logística',	'Rechazar la solicitud',	'No hacer nada',	'a',	21,	1,	'2025-06-19 23:25:46'),
(10141,	1009,	'¿Qué debe hacer el jefe si el cliente pide un cambio en el diseño del concreto?',	'seleccion_multiple',	'Confirmar con laboratorio, actualizar orden y documentar',	'Hacer el cambio sin registro',	'Repetir el pedido anterior',	'a',	22,	1,	'2025-06-19 23:25:46'),
(10142,	1009,	'¿Cuál es una consecuencia de una mala atención logística?',	'seleccion_multiple',	'Mejor clima',	'Pérdida de confianza y afectación de operaciones',	'Menos demanda',	'b',	23,	1,	'2025-06-19 23:25:46'),
(10143,	1009,	'¿Cómo se debe gestionar una solicitud de cambio de sitio de entrega?',	'seleccion_multiple',	'Cancelar todo',	'Registrar cambio, confirmar con logística y producción',	'Pedir al operador que decida',	'b',	24,	1,	'2025-06-19 23:25:46'),
(10144,	1009,	'¿Qué práctica permite anticiparse a errores de programación?',	'seleccion_multiple',	'Solicitar más personal',	'Revisar órdenes previas y confirmar con cliente',	'Aumentar inventario',	'b',	25,	1,	'2025-06-19 23:25:46'),
(10145,	1009,	'¿Cuál es el tiempo ideal para confirmar la programación del día siguiente?',	'seleccion_multiple',	'En la mañana',	'Al finalizar la jornada del día anterior',	'Una vez iniciado el despacho',	'b',	26,	1,	'2025-06-19 23:25:46'),
(10146,	1009,	'¿Qué hacer si el cliente reporta falta de comunicación?',	'seleccion_multiple',	'Llamar al jefe inmediato',	'Establecer un canal formal de comunicación y documentar',	'Ignorar el comentario',	'b',	27,	1,	'2025-06-19 23:25:46'),
(10147,	1009,	'¿Cómo debe tratarse un conflicto entre logística y cliente?',	'seleccion_multiple',	'Regañar al operador',	'Culpar al cliente',	'Mediante diálogo, análisis de hechos y reporte formal',	'c',	28,	1,	'2025-06-19 23:25:46'),
(10148,	1009,	'¿Qué documento puede evitar malentendidos en horarios y destinos?',	'seleccion_multiple',	'Orden de carga con datos exactos y firmas',	'Copia de bitácora',	'Foto del camión',	'a',	29,	1,	'2025-06-19 23:25:46'),
(10149,	1009,	'¿Cuál es un resultado deseable de una buena coordinación logística?',	'seleccion_multiple',	'Producción más lenta',	'Clientes satisfechos y entregas puntuales',	'Más cambios en diseño de mezcla',	'b',	30,	1,	'2025-06-19 23:25:46'),
(10150,	1008,	'¿Qué es la mejora continua en una planta de concreto?',	'seleccion_multiple',	'Proceso constante de revisión y optimización de operaciones',	'Ajuste de horarios por turno',	'Reportar fallas al final del día',	'a',	1,	1,	'2025-06-19 23:25:31'),
(10151,	1008,	'¿Cuál es el objetivo principal de implementar indicadores de desempeño?',	'seleccion_multiple',	'Cumplir con los pedidos',	'Medir desempeño y detectar áreas de mejora',	'Ver quién trabaja más',	'b',	2,	1,	'2025-06-19 23:25:31'),
(10152,	1008,	'¿Qué significa enfoque a resultados en el contexto operativo?',	'seleccion_multiple',	'Hacer más tareas',	'Alcanzar metas con eficiencia y calidad',	'Evitar errores',	'b',	3,	1,	'2025-06-19 23:25:31'),
(10153,	1008,	'¿Cuál es una herramienta útil para el análisis de mejoras?',	'seleccion_multiple',	'Hacer juntas',	'Análisis FODA o de causa raíz',	'Control de asistencia',	'a',	4,	1,	'2025-06-19 23:25:31'),
(10154,	1008,	'¿Qué rol tiene el jefe de planta en la mejora continua?',	'seleccion_multiple',	'Liderar procesos, motivar y asegurar cumplimiento de metas',	'Esperar cambios externos',	'Pedir apoyo técnico',	'a',	5,	1,	'2025-06-19 23:25:31'),
(10155,	1008,	'¿Qué se necesita para aplicar una mejora correctamente?',	'seleccion_multiple',	'Solo tener una idea',	'Análisis, recursos y personal capacitado',	'Presupuesto alto',	'b',	6,	1,	'2025-06-19 23:25:31'),
(10156,	1008,	'¿Qué debe hacerse antes de implementar una mejora?',	'seleccion_multiple',	'Ejecutarla de inmediato',	'Evaluar viabilidad, riesgos y recursos necesarios',	'Informar al operador',	'b',	7,	1,	'2025-06-19 23:25:31'),
(10157,	1008,	'¿Cómo puede medirse la eficacia de una mejora aplicada?',	'seleccion_multiple',	'Número de choques',	'Comparando indicadores antes y después',	'Conteo de fallas',	'b',	8,	1,	'2025-06-19 23:25:31'),
(10158,	1008,	'¿Qué práctica fomenta la mejora continua en el personal?',	'seleccion_multiple',	'Sancionar errores',	'Ignorar las propuestas',	'Reconocer ideas, dar seguimiento y capacitar',	'c',	9,	1,	'2025-06-19 23:25:31'),
(10159,	1008,	'¿Cuál es un obstáculo común para la mejora continua?',	'seleccion_multiple',	'Alta rotación',	'Falta de equipo',	'Resistencia al cambio o falta de seguimiento',	'c',	10,	1,	'2025-06-19 23:25:31'),
(10160,	1008,	'¿Qué es un indicador clave de desempeño (KPI)?',	'seleccion_multiple',	'Horario de comida',	'Medición de clima',	'Métrica que refleja desempeño clave del proceso',	'c',	11,	1,	'2025-06-19 23:25:31'),
(10161,	1008,	'¿Cómo se pueden identificar oportunidades de mejora?',	'seleccion_multiple',	'Supervisando al operador',	'Análisis de procesos, quejas, tiempos muertos',	'Cambiando el personal',	'b',	12,	1,	'2025-06-19 23:25:31'),
(10162,	1008,	'¿Qué significa estandarización de procesos?',	'seleccion_multiple',	'Cambiar horarios',	'Uniformar procedimientos y prácticas para asegurar calidad',	'Dar premios',	'b',	13,	1,	'2025-06-19 23:25:31'),
(10163,	1008,	'¿Qué hacer cuando una mejora no da los resultados esperados?',	'seleccion_multiple',	'Dejarla',	'Analizar, ajustar o replantear la estrategia',	'Repetirla constantemente',	'b',	14,	1,	'2025-06-19 23:25:31'),
(10164,	1008,	'¿Cómo se fomenta el enfoque a resultados en el equipo?',	'seleccion_multiple',	'Dar premios',	'Establecer metas claras y retroalimentar el desempeño',	'Evitar comentarios',	'b',	15,	1,	'2025-06-19 23:25:31'),
(10165,	1008,	'¿Qué actitud debe tener el jefe ante errores?',	'seleccion_multiple',	'Culpar al operador',	'Aprender del error, corregir y prevenir',	'Minimizar el problema',	'b',	16,	1,	'2025-06-19 23:25:31'),
(10166,	1008,	'¿Qué se busca al reducir desperdicios?',	'seleccion_multiple',	'Aumentar producción',	'Mejorar eficiencia y reducir costos',	'Disminuir el personal',	'b',	17,	1,	'2025-06-19 23:25:31'),
(10167,	1008,	'¿Qué importancia tiene la retroalimentación del personal?',	'seleccion_multiple',	'No tiene impacto',	'Permite identificar problemas y proponer soluciones',	'Retrasa procesos',	'b',	18,	1,	'2025-06-19 23:25:31'),
(10168,	1008,	'¿Cómo asegurar que una mejora sea sostenible?',	'seleccion_multiple',	'Cambiar personal',	'Capacitar, evaluar y hacer seguimiento continuo',	'Delegar tareas',	'b',	19,	1,	'2025-06-19 23:25:31'),
(10169,	1008,	'¿Qué hacer si un indicador no mejora con el tiempo?',	'seleccion_multiple',	'Abandonarlo',	'Cambiar al jefe',	'Revisar causas, replantear acciones y ajustar metas',	'c',	20,	1,	'2025-06-19 23:25:31'),
(10170,	1008,	'¿Qué debe incluir un plan de mejora?',	'seleccion_multiple',	'Observaciones personales',	'Objetivo, responsables, recursos y tiempos de implementación',	'Lista de tareas del operador',	'b',	21,	1,	'2025-06-19 23:25:31'),
(10171,	1008,	'¿Qué papel tiene la capacitación en la mejora continua?',	'seleccion_multiple',	'Controlar clima',	'Actualizar conocimientos y habilidades del personal',	'Incrementar producción',	'b',	22,	1,	'2025-06-19 23:25:31'),
(10172,	1008,	'¿Qué proceso ayuda a verificar el cumplimiento de objetivos?',	'seleccion_multiple',	'Supervisión directa',	'Asistencia diaria',	'Auditorías internas o revisiones periódicas',	'c',	23,	1,	'2025-06-19 23:25:31'),
(10173,	1008,	'¿Cuál es un ejemplo de mejora enfocada a resultados?',	'seleccion_multiple',	'Reducir personal',	'Aumentar volumen',	'Automatizar mezclado y reducir desperdicio',	'c',	24,	1,	'2025-06-19 23:25:31'),
(10174,	1008,	'¿Qué permite el análisis de tendencias en la producción?',	'seleccion_multiple',	'Evaluar colores',	'Prever fallas o comportamientos futuros',	'Seleccionar equipo',	'b',	25,	1,	'2025-06-19 23:25:31'),
(10175,	1008,	'¿Qué se debe hacer con las buenas prácticas identificadas?',	'seleccion_multiple',	'Ignorarlas',	'Documentar, estandarizar y replicar en otras áreas',	'Guardarlas sin cambios',	'b',	26,	1,	'2025-06-19 23:25:31'),
(10176,	1008,	'¿Qué es el ciclo PHVA?',	'seleccion_multiple',	'Planear, Hacer, Verificar, Actuar',	'Parar, Hablar, Ver, Aplicar',	'Programar, Hacer, Validar, Aprobar',	'a',	27,	1,	'2025-06-19 23:25:31'),
(10177,	1008,	'¿Qué acción genera compromiso con los resultados?',	'seleccion_multiple',	'Castigar errores',	'Involucrar al equipo en metas y resultados',	'Repartir tareas',	'b',	28,	1,	'2025-06-19 23:25:31'),
(10178,	1008,	'¿Cuál es el valor de documentar las mejoras realizadas?',	'seleccion_multiple',	'Facilita auditorías y replicación de mejoras',	'Ocupa espacio',	'Complica procesos',	'a',	29,	1,	'2025-06-19 23:25:31'),
(10179,	1008,	'¿Cómo se integra la mejora continua en la operación diaria?',	'seleccion_multiple',	'Aplicarla cuando haya errores',	'Integrar en procedimientos, indicadores y reuniones',	'Asignarla al operador',	'b',	30,	1,	'2025-06-19 23:25:31'),
(10180,	1007,	'¿Qué documento debe usarse para registrar la producción diaria?',	'seleccion_multiple',	'Hoja de calidad interna',	'Bitácora de producción diaria',	'Permiso de transporte',	'b',	1,	1,	'2025-06-19 23:25:21'),
(10181,	1007,	'¿Cuál es la función principal del registro de mantenimiento?',	'seleccion_multiple',	'Llevar historial de servicios y revisiones',	'Controlar compras',	'Registrar entrada de personal',	'a',	2,	1,	'2025-06-19 23:25:21'),
(10182,	1007,	'¿Qué información contiene una hoja de control de entregas?',	'seleccion_multiple',	'Lista de precios del día',	'Número de placas del proveedor',	'Número de viaje, hora, volumen y destino',	'c',	3,	1,	'2025-06-19 23:25:21'),
(10183,	1007,	'¿Qué se debe hacer con los formatos oficiales después de ser llenados?',	'seleccion_multiple',	'Guardarlos en el mezclador',	'Archivarlos debidamente y respaldarlos',	'Tirarlos después de firmarlos',	'b',	4,	1,	'2025-06-19 23:25:21'),
(10184,	1007,	'¿Cuál es el documento que respalda la salida de concreto premezclado?',	'seleccion_multiple',	'Carta de presentación',	'Bitácora del operador',	'Remisión de entrega firmada',	'c',	5,	1,	'2025-06-19 23:25:21'),
(10185,	1007,	'¿Cada cuándo debe actualizarse el inventario de insumos?',	'abierta',	NULL,	NULL,	NULL,	NULL,	6,	1,	'2025-06-19 23:25:21'),
(10186,	1007,	'¿Qué dato es indispensable en la bitácora de producción?',	'seleccion_multiple',	'Clima del día',	'Volumen producido y número de camiones',	'Nombre del visitante',	'b',	7,	1,	'2025-06-19 23:25:21'),
(10187,	1007,	'¿Qué procedimiento se debe seguir ante una falla crítica del equipo?',	'seleccion_multiple',	'Apagar y dejar pasar el turno',	'Llenar reporte, comunicar a mantenimiento y documentar',	'Avisar al cliente directamente',	'b',	8,	1,	'2025-06-19 23:25:21'),
(10188,	1007,	'¿Para qué sirve el reporte de consumo de cemento?',	'seleccion_multiple',	'Medir temperatura del motor',	'Estimar costos de pintura',	'Verificar eficiencia de mezcla y rendimientos',	'c',	9,	1,	'2025-06-19 23:25:21'),
(10189,	1007,	'¿Qué debe incluir el expediente de una obra atendida?',	'seleccion_multiple',	'Copia de la licencia del operador',	'Órdenes de carga, pruebas, remisiones y firmas',	'Comprobante fiscal',	'b',	10,	1,	'2025-06-19 23:25:21'),
(10190,	1007,	'¿Qué documento permite evaluar el cumplimiento de los pedidos?',	'seleccion_multiple',	'Reporte de cumplimiento de entregas',	'Cuadro de horarios',	'Formato de vacaciones',	'a',	11,	1,	'2025-06-19 23:25:21'),
(10191,	1007,	'¿Cómo se garantiza la trazabilidad de un pedido?',	'seleccion_multiple',	'Por llamadas al cliente',	'Solo con número de factura',	'Mediante etiquetas, registros cruzados y firmas',	'c',	12,	1,	'2025-06-19 23:25:21'),
(10192,	1007,	'¿Qué documento contiene especificaciones técnicas del concreto?',	'seleccion_multiple',	'Nota de remisión',	'Carta de presentación',	'Hoja técnica del concreto solicitado',	'c',	13,	1,	'2025-06-19 23:25:21'),
(10193,	1007,	'¿Qué debe hacer el jefe con documentos vencidos?',	'seleccion_multiple',	'Separarlos y retirarlos del archivo activo',	'Pegarlos en pared',	'Firmarlos nuevamente',	'a',	14,	1,	'2025-06-19 23:25:21'),
(10194,	1007,	'¿Qué archivo debe contener firmas de responsables de turno?',	'seleccion_multiple',	'Lista de reproducción',	'Bitácora de turnos o reportes de cierre',	'Recibo de nómina',	'b',	15,	1,	'2025-06-19 23:25:21'),
(10195,	1007,	'¿Qué documento permite controlar el rendimiento del mezclador?',	'seleccion_multiple',	'Lista de asistencia',	'Catálogo de precios',	'Formato de control horario de mezclado',	'c',	16,	1,	'2025-06-19 23:25:21'),
(10196,	1007,	'¿Qué se hace si se detecta una inconsistencia entre el pedido y lo entregado?',	'seleccion_multiple',	'Repetir el despacho',	'Cambiar el pedido sin avisar',	'Registrar, informar y llenar un reporte de no conformidad',	'c',	17,	1,	'2025-06-19 23:25:21'),
(10197,	1007,	'¿Cuál es el medio formal para registrar una no conformidad?',	'seleccion_multiple',	'Nota de compra',	'Formato de reporte de no conformidad',	'Registro de clima',	'b',	18,	1,	'2025-06-19 23:25:21'),
(10198,	1007,	'¿Qué documento se usa para controlar ingresos y egresos de materiales?',	'seleccion_multiple',	'Kardex o formato de almacén',	'Lista de producción mensual',	'Hoja de vida del operador',	'a',	19,	1,	'2025-06-19 23:25:21'),
(10199,	1007,	'¿Qué función cumple un formato de check list de limpieza?',	'seleccion_multiple',	'Solicitar vacaciones',	'Decorar oficinas',	'Verificar cumplimiento de limpieza diaria',	'c',	20,	1,	'2025-06-19 23:25:21'),
(10200,	1007,	'¿Cómo se valida la calidad documental de un formato de producción?',	'seleccion_multiple',	'Solo verificar que tenga logo',	'Pasarlo a Word',	'Revisar datos, firmas, fecha y congruencia',	'c',	21,	1,	'2025-06-19 23:25:21'),
(10201,	1007,	'¿Qué se debe archivar junto con los reportes de ensayo en obra?',	'seleccion_multiple',	'Ensayos de laboratorio y documentos del pedido',	'Manuales del proveedor',	'Fotografías personales',	'a',	22,	1,	'2025-06-19 23:25:21'),
(10202,	1007,	'¿Qué importancia tiene la codificación de documentos?',	'seleccion_multiple',	'Reducir consumo de hojas',	'Evitar confusión y duplicidad documental',	'Aumentar el peso de los formatos',	'b',	23,	1,	'2025-06-19 23:25:21'),
(10203,	1007,	'¿Qué hacer con documentos duplicados en mal estado?',	'seleccion_multiple',	'Guardarlos sin registrar',	'Eliminarlos y generar respaldo digital',	'Doblarlos y reutilizar',	'b',	24,	1,	'2025-06-19 23:25:21'),
(10204,	1007,	'¿Qué permite el control de versiones de formatos?',	'seleccion_multiple',	'Imprimir copias ilimitadas',	'Cambiar formato sin registro',	'Asegurar que se use la versión vigente',	'c',	25,	1,	'2025-06-19 23:25:21'),
(10205,	1007,	'¿Qué se debe hacer al finalizar cada jornada?',	'seleccion_multiple',	'Cerrar formatos del día y firmarlos',	'Guardarlos en la oficina sin firma',	'Solo anotar la hora',	'a',	26,	1,	'2025-06-19 23:25:21'),
(10206,	1007,	'¿Qué documento debe tener la firma del cliente?',	'seleccion_multiple',	'Registro de temperatura',	'Formato de nómina',	'Remisión o bitácora de entrega',	'c',	27,	1,	'2025-06-19 23:25:21'),
(10207,	1007,	'¿Qué registro apoya la planificación del mantenimiento preventivo?',	'seleccion_multiple',	'Lista de compras',	'Calendario de oficina',	'Hoja de programación de mantenimiento',	'c',	28,	1,	'2025-06-19 23:25:21'),
(10208,	1007,	'¿Cuál es la función del cronograma semanal de producción?',	'seleccion_multiple',	'Calcular precios',	'Registrar ausencias',	'Coordinar turnos, pedidos y personal',	'c',	29,	1,	'2025-06-19 23:25:21'),
(10209,	1007,	'¿Qué herramienta administrativa permite analizar tendencias?',	'seleccion_multiple',	'Reporte de clima',	'Bitácora de vacaciones',	'Tablero de control o dashboard',	'c',	30,	1,	'2025-06-19 23:25:21'),
(10210,	1006,	'¿Qué propiedad del concreto evalúa el revenimiento?',	'seleccion_multiple',	'Resistencia a compresión',	'Trabajabilidad',	'Tiempo de fraguado',	'b',	1,	1,	'2025-06-19 23:25:12'),
(10211,	1006,	'¿Cuál es el valor típico de revenimiento para un concreto convencional?',	'seleccion_multiple',	'8 ± 2 cm',	'15 ± 5 cm',	'2 ± 1 cm',	'a',	2,	1,	'2025-06-19 23:25:12'),
(10212,	1006,	'¿Qué equipo se utiliza para medir el contenido de aire en el concreto fresco?',	'seleccion_multiple',	'Esclerómetro',	'Aireador tipo presión',	'Termohigrómetro',	'b',	3,	1,	'2025-06-19 23:25:12'),
(10213,	1006,	'¿Qué prueba se usa para conocer la resistencia a compresión del concreto?',	'seleccion_multiple',	'Ensayo de flexión',	'Ensayo de cilindros a compresión',	'Ensayo de revenimiento',	'b',	4,	1,	'2025-06-19 23:25:12'),
(10214,	1006,	'¿Cuántos días se cura normalmente un cilindro de concreto antes de probarlo a compresión?',	'seleccion_multiple',	'3 días',	'21 días',	'28 días',	'b',	5,	1,	'2025-06-19 23:25:12'),
(10215,	1006,	'¿Qué representa el F’c en un diseño de mezcla?',	'seleccion_multiple',	'Resistencia esperada a compresión',	'Tasa de fraguado',	'Factor de asentamiento',	'a',	6,	1,	'2025-06-19 23:25:12'),
(10216,	1006,	'¿Qué prueba permite determinar el contenido de humedad en agregados?',	'seleccion_multiple',	'Análisis granulométrico',	'Método de secado en horno',	'Ensayo de revenimiento',	'b',	7,	1,	'2025-06-19 23:25:12'),
(10217,	1006,	'¿Qué parámetro afecta directamente la resistencia del concreto?',	'seleccion_multiple',	'Tipo de aditivo',	'Relación agua/cemento',	'Color del agregado',	'b',	8,	1,	'2025-06-19 23:25:12'),
(10218,	1006,	'¿Qué es una mezcla de concreto dosificada por peso?',	'seleccion_multiple',	'Se usa solo en plantas móviles',	'Los materiales se pesan antes de mezclar',	'Depende de la velocidad de la mezcladora',	'b',	9,	1,	'2025-06-19 23:25:12'),
(10219,	1006,	'¿Qué significa una desviación estándar alta en los resultados de resistencia?',	'seleccion_multiple',	'Buena calidad del concreto',	'Variabilidad en el proceso o mezcla',	'Alta trabajabilidad',	'b',	10,	1,	'2025-06-19 23:25:12'),
(10220,	1006,	'¿Qué indica la consistencia del concreto?',	'seleccion_multiple',	'Nivel de pH',	'Facilidad para colocarse y compactarse',	'Tamaño máximo del agregado',	'b',	11,	1,	'2025-06-19 23:25:12'),
(10221,	1006,	'¿Qué norma mexicana regula el muestreo de concreto fresco?',	'seleccion_multiple',	'NMX-C-160-ONNCCE',	'NMX-B-259',	'NMX-C-012',	'a',	12,	1,	'2025-06-19 23:25:12'),
(10222,	1006,	'¿Qué ocurre si se excede la cantidad de agua en la mezcla?',	'seleccion_multiple',	'Se mejora la resistencia',	'Se reduce el volumen',	'Disminuye la resistencia del concreto',	'c',	13,	1,	'2025-06-19 23:25:12'),
(10223,	1006,	'¿Qué medida se toma si los resultados de resistencia son inferiores al F’c?',	'seleccion_multiple',	'Revisar procedimiento y mezcla',	'Aumentar el volumen de entrega',	'Eliminar registros del laboratorio',	'a',	14,	1,	'2025-06-19 23:25:12'),
(10224,	1006,	'¿Qué prueba se usa para verificar el contenido de finos en arena?',	'seleccion_multiple',	'Prueba del frasco de sedimentación',	'Prueba de revenimiento',	'Compresión de mortero',	'a',	15,	1,	'2025-06-19 23:25:12'),
(10225,	1006,	'¿Qué parámetro controla la durabilidad del concreto ante agentes agresivos?',	'seleccion_multiple',	'Color del cemento',	'Permeabilidad',	'Tipo de vibrado',	'b',	16,	1,	'2025-06-19 23:25:12'),
(10226,	1006,	'¿Qué prueba se realiza para comprobar el fraguado del cemento?',	'seleccion_multiple',	'Penetrómetro de mortero',	'Aguja de Vicat',	'Ensayo Marshall',	'b',	17,	1,	'2025-06-19 23:25:12'),
(10227,	1006,	'¿Qué puede causar una segregación del concreto?',	'seleccion_multiple',	'Aditivos bien dosificados',	'Exceso de agua o mala vibración',	'Uso de cemento Portland',	'b',	18,	1,	'2025-06-19 23:25:12'),
(10228,	1006,	'¿Cuál es el objetivo del curado del concreto?',	'seleccion_multiple',	'Disminuir su color',	'Mantener humedad para desarrollo de resistencia',	'Enfriar la mezcla',	'b',	19,	1,	'2025-06-19 23:25:12'),
(10229,	1006,	'¿Qué prueba evalúa la uniformidad del concreto entregado en obra?',	'seleccion_multiple',	'Comparación de revenimiento y temperatura por carga',	'Revisión de facturas',	'Tamaño del camión',	'a',	20,	1,	'2025-06-19 23:25:12'),
(10230,	1006,	'¿Qué se requiere registrar en un formato de control de calidad?',	'seleccion_multiple',	'Temperatura del operador',	'Hora de muestreo, tipo de mezcla, lote y resultados',	'Fecha de compra del cemento',	'b',	21,	1,	'2025-06-19 23:25:12'),
(10231,	1006,	'¿Cuál es el límite recomendado de contenido de aire para concreto estructural?',	'seleccion_multiple',	'1 a 2%',	'9 a 10%',	'4 a 6%',	'c',	22,	1,	'2025-06-19 23:25:12'),
(10232,	1006,	'¿Qué parámetro controla la resistencia inicial del concreto?',	'seleccion_multiple',	'Tamaño del camión',	'Tipo de cemento y temperatura',	'Color del aditivo',	'b',	23,	1,	'2025-06-19 23:25:12'),
(10233,	1006,	'¿Qué herramienta se usa para verificar temperatura del concreto fresco?',	'seleccion_multiple',	'Termómetro infrarrojo',	'Calibrador digital',	'Termómetro de inmersión',	'c',	24,	1,	'2025-06-19 23:25:12'),
(10234,	1006,	'¿Qué norma mexicana establece requisitos para concreto premezclado?',	'seleccion_multiple',	'NMX-C-155-ONNCCE',	'NMX-B-259',	'NMX-D-412',	'a',	25,	1,	'2025-06-19 23:25:12'),
(10235,	1006,	'¿Qué es una prueba de revenimiento fuera de especificación?',	'seleccion_multiple',	'Causa de rechazo del concreto',	'Indicador de mezcla mal dosificada',	'Recomendación para aditivo',	'b',	26,	1,	'2025-06-19 23:25:12'),
(10236,	1006,	'¿Cuál es el volumen estándar del molde cilíndrico para prueba de compresión?',	'seleccion_multiple',	'0.01 m³',	'500 cm³',	'0.015 m³',	'c',	27,	1,	'2025-06-19 23:25:12'),
(10237,	1006,	'¿Qué puede afectar la lectura del contenido de aire?',	'seleccion_multiple',	'Presión atmosférica',	'Sellos del medidor defectuosos',	'Tipo de grava',	'b',	28,	1,	'2025-06-19 23:25:12'),
(10238,	1006,	'¿Por qué es importante controlar el tiempo entre mezcla y colocación?',	'seleccion_multiple',	'Por logística del cliente',	'Para evitar pérdida de trabajabilidad',	'Por consumo de agua',	'b',	29,	1,	'2025-06-19 23:25:12'),
(10239,	1006,	'¿Qué hacer si el concreto presenta sangrado excesivo?',	'seleccion_multiple',	'Agregar más agua',	'Reducir relación a/c o revisar agregados',	'Añadir arena húmeda',	'b',	30,	1,	'2025-06-19 23:25:12'),
(10240,	1005,	'¿Cuál es el equipo de protección obligatorio para ingresar a planta?',	'seleccion_multiple',	'Botas de seguridad, casco, chaleco y gafas',	'Botas, casco, gafas y tapones auditivos',	'Solo chaleco y guantes',	'b',	1,	1,	'2025-06-19 23:24:56'),
(10241,	1005,	'¿Cuál es la función de un análisis de riesgos?',	'seleccion_multiple',	'Registrar accidentes ocurridos',	'Identificar y prevenir condiciones peligrosas',	'Capacitar en primeros auxilios',	'b',	2,	1,	'2025-06-19 23:24:56'),
(10242,	1005,	'¿Qué norma regula las condiciones de seguridad e higiene en centros de trabajo en México?',	'seleccion_multiple',	'NOM-007-STPS',	'NOM-001-STPS',	'NOM-002-SEDE',	'b',	3,	1,	'2025-06-19 23:24:56'),
(10243,	1005,	'¿Qué hacer si se detecta una fuga de gas en planta?',	'seleccion_multiple',	'Cerrar ventanas y continuar operaciones',	'Encender el extractor de aire',	'Evacuar y notificar de inmediato',	'c',	4,	1,	'2025-06-19 23:24:56'),
(10244,	1005,	'¿Qué documento debe acompañar el manejo de sustancias peligrosas?',	'seleccion_multiple',	'Recibo de compra',	'Hoja de datos de seguridad (HDS/MSDS)',	'Certificado de calidad',	'b',	5,	1,	'2025-06-19 23:24:56'),
(10245,	1005,	'¿Qué debe contener un botiquín de emergencia?',	'seleccion_multiple',	'Medicamentos prescritos',	'Material de curación, guantes, manual de uso',	'Solo alcohol y algodón',	'b',	6,	1,	'2025-06-19 23:24:56'),
(10246,	1005,	'¿Qué es un EPP?',	'seleccion_multiple',	'Evaluación Preventiva del Proceso',	'Equipo de Protección Personal',	'Estándar de Procedimiento de Planta',	'b',	7,	1,	'2025-06-19 23:24:56'),
(10247,	1005,	'¿Qué acción es incorrecta ante un derrame químico menor?',	'seleccion_multiple',	'Notificar al supervisor',	'Limpiar sin guantes ni protección',	'Contener el derrame',	'b',	8,	1,	'2025-06-19 23:24:56'),
(10248,	1005,	'¿Cuál es el color de los extintores para fuegos clase A?',	'seleccion_multiple',	'Verde',	'Rojo',	'Azul',	'b',	9,	1,	'2025-06-19 23:24:56'),
(10249,	1005,	'¿Qué hacer si ocurre un accidente leve sin lesiones visibles?',	'seleccion_multiple',	'Continuar trabajando',	'Reportarlo y registrarlo en la bitácora de seguridad',	'Ignorarlo si no afecta producción',	'b',	10,	1,	'2025-06-19 23:24:56'),
(10250,	1005,	'¿Cuál es el propósito de una señal de seguridad?',	'seleccion_multiple',	'Indicar rutas comerciales',	'Advertir o prevenir situaciones de riesgo',	'Promover el uso de uniforme',	'b',	11,	1,	'2025-06-19 23:24:56'),
(10251,	1005,	'¿Qué norma aplica para la señalización de seguridad?',	'seleccion_multiple',	'NOM-026-STPS',	'NOM-030-STPS',	'NOM-009-STPS',	'a',	12,	1,	'2025-06-19 23:24:56'),
(10252,	1005,	'¿Qué extintor se utiliza para incendios eléctricos?',	'seleccion_multiple',	'Agua',	'Espuma',	'Polvo químico seco o CO₂',	'c',	13,	1,	'2025-06-19 23:24:56'),
(10253,	1005,	'¿Con qué frecuencia deben realizarse simulacros de evacuación?',	'seleccion_multiple',	'Cada 5 años',	'Al menos una vez al año',	'Solo en caso de inspección',	'b',	14,	1,	'2025-06-19 23:24:56'),
(10254,	1005,	'¿Qué debe hacer un trabajador que presencia un acto inseguro?',	'seleccion_multiple',	'Filmarlo para redes sociales',	'Reportarlo de inmediato a su superior',	'Repetirlo si no pasa nada',	'b',	15,	1,	'2025-06-19 23:24:56'),
(10255,	1005,	'¿Cuál es la zona de exclusión al operar una mezcladora?',	'seleccion_multiple',	'1 metro',	'5 metros',	'3 metros',	'c',	16,	1,	'2025-06-19 23:24:56'),
(10256,	1005,	'¿Qué hacer si una alarma de emergencia suena durante el turno?',	'seleccion_multiple',	'Esperar instrucciones por radio',	'Evacuar inmediatamente por la ruta señalada',	'Buscar la causa primero',	'b',	17,	1,	'2025-06-19 23:24:56'),
(10257,	1005,	'¿Qué indica una etiqueta amarilla en una herramienta?',	'seleccion_multiple',	'Herramienta nueva',	'Uso restringido o requiere revisión',	'No requiere mantenimiento',	'b',	18,	1,	'2025-06-19 23:24:56'),
(10258,	1005,	'¿Qué procedimiento asegura que un equipo no pueda ser energizado durante mantenimiento?',	'seleccion_multiple',	'Bloqueo y etiquetado (Lockout/Tagout)',	'Manual de usuario',	'Bitácora de mantenimiento',	'a',	19,	1,	'2025-06-19 23:24:56'),
(10259,	1005,	'¿Qué riesgo representa una manguera de aire dañada?',	'seleccion_multiple',	'Ninguno si no se usa',	'Explosión o proyección de partículas',	'Solo pérdida de presión',	'b',	20,	1,	'2025-06-19 23:24:56'),
(10260,	1005,	'¿Qué debe verificarse antes de operar un montacargas?',	'seleccion_multiple',	'Que tenga gasolina',	'Frenos, luces, claxon, horquillas y cinturón',	'Que esté limpio',	'b',	21,	1,	'2025-06-19 23:24:56'),
(10261,	1005,	'¿Qué incluye una inspección de seguridad diaria?',	'seleccion_multiple',	'Condiciones del equipo, rutas de evacuación y EPP',	'Cafetería y baños',	'Revisión de correo electrónico',	'a',	22,	1,	'2025-06-19 23:24:56'),
(10262,	1005,	'¿Qué norma regula los trabajos en altura?',	'seleccion_multiple',	'NOM-005-STPS',	'NOM-009-STPS',	'NOM-003-STPS',	'b',	23,	1,	'2025-06-19 23:24:56'),
(10263,	1005,	'¿Cuándo debe ser capacitado un trabajador en seguridad?',	'seleccion_multiple',	'Una vez al año',	'Solo al ser contratado',	'Al ingreso, al cambiar de puesto o equipo, y periódicamente',	'c',	24,	1,	'2025-06-19 23:24:56'),
(10264,	1005,	'¿Qué riesgo representa un cable pelado en zona húmeda?',	'seleccion_multiple',	'Ninguno si se usa con botas',	'Electrocución',	'Caída por resbalón',	'b',	25,	1,	'2025-06-19 23:24:56'),
(10265,	1005,	'¿Cuál es el propósito de un análisis de incidentes?',	'seleccion_multiple',	'Culpar al operador',	'Prevenir que vuelva a ocurrir',	'Reemplazar al supervisor',	'b',	26,	1,	'2025-06-19 23:24:56'),
(10266,	1005,	'¿Cuál es la forma correcta de almacenar cilindros de gas?',	'seleccion_multiple',	'Verticales, sujetos y con válvula protegida',	'Apilados horizontalmente',	'Junto a materiales combustibles',	'a',	27,	1,	'2025-06-19 23:24:56'),
(10267,	1005,	'¿Qué norma regula el uso de equipo de protección personal?',	'seleccion_multiple',	'NOM-001-STPS',	'NOM-017-STPS',	'NOM-027-STPS',	'b',	28,	1,	'2025-06-19 23:24:56'),
(10268,	1005,	'¿Qué hacer si una persona se desmaya en planta?',	'seleccion_multiple',	'Llamar al jefe de producción',	'Brindar primeros auxilios y solicitar apoyo médico',	'Darle agua y dejarlo reposar',	'b',	29,	1,	'2025-06-19 23:24:56'),
(10269,	1005,	'¿Qué riesgo genera el polvo de cemento en suspensión?',	'seleccion_multiple',	'Moho en la planta',	'Irritación pulmonar y enfermedades respiratorias',	'Solo picazón en la piel',	'b',	30,	1,	'2025-06-19 23:24:56');

DROP TABLE IF EXISTS `reportes`;
CREATE TABLE `reportes` (
  `id` int(11) NOT NULL AUTO_INCREMENT,
  `evaluacion_id` int(11) NOT NULL,
  `tipo_reporte` enum('pdf','excel','json') NOT NULL,
  `ruta_archivo` varchar(500) DEFAULT NULL,
  `tamaño_archivo` int(11) DEFAULT NULL,
  `fecha_generacion` timestamp NULL DEFAULT current_timestamp(),
  PRIMARY KEY (`id`),
  KEY `idx_evaluacion` (`evaluacion_id`),
  KEY `idx_tipo_reporte` (`tipo_reporte`),
  CONSTRAINT `reportes_ibfk_1` FOREIGN KEY (`evaluacion_id`) REFERENCES `evaluaciones` (`id`) ON DELETE CASCADE
) ENGINE=InnoDB DEFAULT CHARSET=utf8mb4 COLLATE=utf8mb4_unicode_ci;


DROP TABLE IF EXISTS `respuestas_evaluacion`;
CREATE TABLE `respuestas_evaluacion` (
  `id` int(11) NOT NULL AUTO_INCREMENT,
  `evaluacion_id` int(11) NOT NULL,
  `pregunta_id` int(11) NOT NULL,
  `respuesta` enum('si','no','na','a','b','c') NOT NULL,
  `observacion` text DEFAULT NULL,
  `fecha_respuesta` timestamp NULL DEFAULT current_timestamp(),
  PRIMARY KEY (`id`),
  UNIQUE KEY `unique_evaluacion_pregunta` (`evaluacion_id`,`pregunta_id`),
  KEY `idx_evaluacion` (`evaluacion_id`),
  KEY `idx_pregunta` (`pregunta_id`),
  KEY `idx_respuesta` (`respuesta`),
  CONSTRAINT `respuestas_evaluacion_ibfk_1` FOREIGN KEY (`evaluacion_id`) REFERENCES `evaluaciones` (`id`) ON DELETE CASCADE,
  CONSTRAINT `respuestas_evaluacion_ibfk_2` FOREIGN KEY (`pregunta_id`) REFERENCES `preguntas` (`id`) ON DELETE CASCADE
) ENGINE=InnoDB DEFAULT CHARSET=utf8mb4 COLLATE=utf8mb4_unicode_ci;

INSERT INTO `respuestas_evaluacion` (`id`, `evaluacion_id`, `pregunta_id`, `respuesta`, `observacion`, `fecha_respuesta`) VALUES
(1,	18,	2002,	'b',	NULL,	'2025-06-19 18:50:53'),
(2,	18,	2011,	'a',	NULL,	'2025-06-19 18:50:53'),
(3,	18,	2017,	'c',	NULL,	'2025-06-19 18:50:53'),
(4,	18,	2025,	'b',	NULL,	'2025-06-19 18:50:53'),
(5,	18,	2029,	'a',	NULL,	'2025-06-19 18:50:53'),
(6,	18,	10006,	'a',	NULL,	'2025-06-19 18:50:53'),
(7,	18,	10018,	'a',	NULL,	'2025-06-19 18:50:53'),
(8,	18,	10019,	'a',	NULL,	'2025-06-19 18:50:53'),
(9,	18,	10021,	'c',	NULL,	'2025-06-19 18:50:53'),
(10,	18,	10024,	'a',	NULL,	'2025-06-19 18:50:53'),
(11,	18,	10054,	'c',	NULL,	'2025-06-19 18:50:53'),
(12,	18,	10049,	'b',	NULL,	'2025-06-19 18:50:53'),
(13,	18,	10044,	'c',	NULL,	'2025-06-19 18:50:53'),
(14,	18,	10035,	'c',	NULL,	'2025-06-19 18:50:53'),
(15,	18,	10034,	'b',	NULL,	'2025-06-19 18:50:53'),
(16,	18,	10080,	'c',	NULL,	'2025-06-19 18:50:53'),
(17,	18,	10073,	'a',	NULL,	'2025-06-19 18:50:53'),
(18,	18,	10072,	'b',	NULL,	'2025-06-19 18:50:53'),
(19,	18,	10068,	'b',	NULL,	'2025-06-19 18:50:53'),
(20,	18,	10065,	'a',	NULL,	'2025-06-19 18:50:53'),
(21,	18,	10258,	'a',	NULL,	'2025-06-19 18:50:53'),
(22,	18,	10250,	'b',	NULL,	'2025-06-19 18:50:53'),
(23,	18,	10248,	'a',	NULL,	'2025-06-19 18:50:53'),
(24,	18,	10245,	'b',	NULL,	'2025-06-19 18:50:53'),
(25,	18,	10243,	'b',	NULL,	'2025-06-19 18:50:53'),
(26,	18,	10236,	'b',	NULL,	'2025-06-19 18:50:53'),
(27,	18,	10225,	'b',	NULL,	'2025-06-19 18:50:53'),
(28,	18,	10222,	'a',	NULL,	'2025-06-19 18:50:53'),
(29,	18,	10217,	'a',	NULL,	'2025-06-19 18:50:53'),
(30,	18,	10214,	'a',	NULL,	'2025-06-19 18:50:53'),
(31,	18,	10208,	'b',	NULL,	'2025-06-19 18:50:53'),
(32,	18,	10202,	'b',	NULL,	'2025-06-19 18:50:53'),
(33,	18,	10197,	'b',	NULL,	'2025-06-19 18:50:53'),
(34,	18,	10194,	'b',	NULL,	'2025-06-19 18:50:53'),
(35,	18,	10185,	'no',	NULL,	'2025-06-19 18:50:53'),
(36,	18,	10176,	'c',	NULL,	'2025-06-19 18:50:53'),
(37,	18,	10167,	'b',	NULL,	'2025-06-19 18:50:53'),
(38,	18,	10166,	'a',	NULL,	'2025-06-19 18:50:53'),
(39,	18,	10162,	'b',	NULL,	'2025-06-19 18:50:53'),
(40,	18,	10152,	'b',	NULL,	'2025-06-19 18:50:53'),
(41,	18,	10147,	'c',	NULL,	'2025-06-19 18:50:53'),
(42,	18,	10136,	'c',	NULL,	'2025-06-19 18:50:53'),
(43,	18,	10135,	'b',	NULL,	'2025-06-19 18:50:53'),
(44,	18,	10134,	'b',	NULL,	'2025-06-19 18:50:53'),
(45,	18,	10120,	'b',	NULL,	'2025-06-19 18:50:53'),
(46,	18,	10118,	'c',	NULL,	'2025-06-19 18:50:53'),
(47,	18,	10101,	'b',	NULL,	'2025-06-19 18:50:53'),
(48,	18,	10098,	'b',	NULL,	'2025-06-19 18:50:53'),
(49,	18,	10095,	'b',	NULL,	'2025-06-19 18:50:53'),
(50,	18,	10092,	'b',	NULL,	'2025-06-19 18:50:53'),
(51,	19,	2003,	'a',	NULL,	'2025-06-19 19:06:40'),
(52,	19,	2005,	'c',	NULL,	'2025-06-19 19:06:40'),
(53,	19,	2018,	'b',	NULL,	'2025-06-19 19:06:40'),
(54,	19,	2021,	'c',	NULL,	'2025-06-19 19:06:40'),
(55,	19,	2022,	'b',	NULL,	'2025-06-19 19:06:40'),
(56,	19,	10029,	'b',	NULL,	'2025-06-19 19:06:40'),
(57,	19,	10028,	'b',	NULL,	'2025-06-19 19:06:40'),
(58,	19,	10025,	'c',	NULL,	'2025-06-19 19:06:40'),
(59,	19,	10015,	'c',	NULL,	'2025-06-19 19:06:40'),
(60,	19,	10007,	'c',	NULL,	'2025-06-19 19:06:40'),
(61,	19,	10041,	'c',	NULL,	'2025-06-19 19:06:40'),
(62,	19,	10040,	'c',	NULL,	'2025-06-19 19:06:40'),
(63,	19,	10035,	'c',	NULL,	'2025-06-19 19:06:40'),
(64,	19,	10032,	'c',	NULL,	'2025-06-19 19:06:40'),
(65,	19,	10030,	'b',	NULL,	'2025-06-19 19:06:40'),
(66,	19,	10085,	'c',	NULL,	'2025-06-19 19:06:40'),
(67,	19,	10084,	'b',	NULL,	'2025-06-19 19:06:40'),
(68,	19,	10082,	'a',	NULL,	'2025-06-19 19:06:40'),
(69,	19,	10078,	'b',	NULL,	'2025-06-19 19:06:40'),
(70,	19,	10061,	'b',	NULL,	'2025-06-19 19:06:40'),
(71,	19,	10268,	'c',	NULL,	'2025-06-19 19:06:40'),
(72,	19,	10265,	'c',	NULL,	'2025-06-19 19:06:40'),
(73,	19,	10262,	'b',	NULL,	'2025-06-19 19:06:40'),
(74,	19,	10258,	'a',	NULL,	'2025-06-19 19:06:40'),
(75,	19,	10248,	'c',	NULL,	'2025-06-19 19:06:40'),
(76,	19,	10238,	'b',	NULL,	'2025-06-19 19:06:40'),
(77,	19,	10234,	'c',	NULL,	'2025-06-19 19:06:40'),
(78,	19,	10230,	'c',	NULL,	'2025-06-19 19:06:40'),
(79,	19,	10225,	'b',	NULL,	'2025-06-19 19:06:40'),
(80,	19,	10210,	'c',	NULL,	'2025-06-19 19:06:40'),
(81,	19,	10198,	'c',	NULL,	'2025-06-19 19:06:40'),
(82,	19,	10209,	'b',	NULL,	'2025-06-19 19:06:40'),
(83,	19,	10197,	'c',	NULL,	'2025-06-19 19:06:40'),
(84,	19,	10196,	'b',	NULL,	'2025-06-19 19:06:40'),
(85,	19,	10182,	'b',	NULL,	'2025-06-19 19:06:40'),
(86,	19,	10170,	'b',	NULL,	'2025-06-19 19:06:40'),
(87,	19,	10166,	'b',	NULL,	'2025-06-19 19:06:40'),
(88,	19,	10162,	'b',	NULL,	'2025-06-19 19:06:40'),
(89,	19,	10156,	'c',	NULL,	'2025-06-19 19:06:40'),
(90,	19,	10150,	'b',	NULL,	'2025-06-19 19:06:40'),
(91,	19,	10147,	'c',	NULL,	'2025-06-19 19:06:40'),
(92,	19,	10141,	'c',	NULL,	'2025-06-19 19:06:40'),
(93,	19,	10139,	'c',	NULL,	'2025-06-19 19:06:40'),
(94,	19,	10125,	'c',	NULL,	'2025-06-19 19:06:40'),
(95,	19,	10121,	'a',	NULL,	'2025-06-19 19:06:40'),
(96,	19,	10115,	'b',	NULL,	'2025-06-19 19:06:40'),
(97,	19,	10112,	'b',	NULL,	'2025-06-19 19:06:40'),
(98,	19,	10106,	'c',	NULL,	'2025-06-19 19:06:40'),
(99,	19,	10097,	'c',	NULL,	'2025-06-19 19:06:40'),
(100,	19,	10095,	'a',	NULL,	'2025-06-19 19:06:40'),
(101,	20,	2003,	'b',	NULL,	'2025-06-19 19:51:31'),
(102,	20,	2007,	'c',	NULL,	'2025-06-19 19:51:31'),
(103,	20,	2010,	'c',	NULL,	'2025-06-19 19:51:31'),
(104,	20,	2015,	'b',	NULL,	'2025-06-19 19:51:31'),
(105,	20,	2029,	'b',	NULL,	'2025-06-19 19:51:31'),
(106,	20,	10018,	'b',	NULL,	'2025-06-19 19:51:31'),
(107,	20,	10015,	'b',	NULL,	'2025-06-19 19:51:31'),
(108,	20,	10013,	'b',	NULL,	'2025-06-19 19:51:31'),
(109,	20,	10010,	'a',	NULL,	'2025-06-19 19:51:31'),
(110,	20,	10004,	'a',	NULL,	'2025-06-19 19:51:31'),
(111,	20,	10058,	'c',	NULL,	'2025-06-19 19:51:31'),
(112,	20,	10056,	'c',	NULL,	'2025-06-19 19:51:31'),
(113,	20,	10050,	'b',	NULL,	'2025-06-19 19:51:31'),
(114,	20,	10047,	'a',	NULL,	'2025-06-19 19:51:31'),
(115,	20,	10032,	'a',	NULL,	'2025-06-19 19:51:31'),
(116,	20,	10089,	'c',	NULL,	'2025-06-19 19:51:31'),
(117,	20,	10081,	'c',	NULL,	'2025-06-19 19:51:31'),
(118,	20,	10076,	'c',	NULL,	'2025-06-19 19:51:31'),
(119,	20,	10069,	'a',	NULL,	'2025-06-19 19:51:31'),
(120,	20,	10067,	'c',	NULL,	'2025-06-19 19:51:31'),
(121,	20,	10267,	'b',	NULL,	'2025-06-19 19:51:31'),
(122,	20,	10264,	'c',	NULL,	'2025-06-19 19:51:31'),
(123,	20,	10257,	'a',	NULL,	'2025-06-19 19:51:31'),
(124,	20,	10256,	'a',	NULL,	'2025-06-19 19:51:31'),
(125,	20,	10253,	'b',	NULL,	'2025-06-19 19:51:31'),
(126,	20,	10236,	'c',	NULL,	'2025-06-19 19:51:31'),
(127,	20,	10233,	'b',	NULL,	'2025-06-19 19:51:31'),
(128,	20,	10228,	'b',	NULL,	'2025-06-19 19:51:31'),
(129,	20,	10225,	'b',	NULL,	'2025-06-19 19:51:31'),
(130,	20,	10216,	'c',	NULL,	'2025-06-19 19:51:31'),
(131,	20,	10206,	'c',	NULL,	'2025-06-19 19:51:31'),
(132,	20,	10202,	'b',	NULL,	'2025-06-19 19:51:31'),
(133,	20,	10197,	'b',	NULL,	'2025-06-19 19:51:31'),
(134,	20,	10196,	'b',	NULL,	'2025-06-19 19:51:31'),
(135,	20,	10194,	'c',	NULL,	'2025-06-19 19:51:31'),
(136,	20,	10179,	'c',	NULL,	'2025-06-19 19:51:31'),
(137,	20,	10168,	'c',	NULL,	'2025-06-19 19:51:31'),
(138,	20,	10155,	'a',	NULL,	'2025-06-19 19:51:31'),
(139,	20,	10153,	'b',	NULL,	'2025-06-19 19:51:31'),
(140,	20,	10150,	'b',	NULL,	'2025-06-19 19:51:31'),
(141,	20,	10142,	'b',	NULL,	'2025-06-19 19:51:31'),
(142,	20,	10132,	'b',	NULL,	'2025-06-19 19:51:31'),
(143,	20,	10128,	'a',	NULL,	'2025-06-19 19:51:31'),
(144,	20,	10122,	'a',	NULL,	'2025-06-19 19:51:31'),
(145,	20,	10120,	'b',	NULL,	'2025-06-19 19:51:31'),
(146,	20,	10117,	'b',	NULL,	'2025-06-19 19:51:31'),
(147,	20,	10109,	'b',	NULL,	'2025-06-19 19:51:31'),
(148,	20,	10100,	'c',	NULL,	'2025-06-19 19:51:31'),
(149,	20,	10099,	'a',	NULL,	'2025-06-19 19:51:31'),
(150,	20,	10095,	'b',	NULL,	'2025-06-19 19:51:31'),
(151,	21,	2006,	'c',	NULL,	'2025-06-21 00:11:39'),
(152,	21,	2010,	'c',	NULL,	'2025-06-21 00:11:39'),
(153,	21,	2016,	'c',	NULL,	'2025-06-21 00:11:39'),
(154,	21,	2014,	'b',	NULL,	'2025-06-21 00:11:39'),
(155,	21,	2025,	'c',	NULL,	'2025-06-21 00:11:39'),
(156,	21,	10025,	'c',	NULL,	'2025-06-21 00:11:39'),
(157,	21,	10024,	'c',	NULL,	'2025-06-21 00:11:39'),
(158,	21,	10016,	'b',	NULL,	'2025-06-21 00:11:39'),
(159,	21,	10014,	'a',	NULL,	'2025-06-21 00:11:39'),
(160,	21,	10009,	'c',	NULL,	'2025-06-21 00:11:39'),
(161,	21,	10055,	'c',	NULL,	'2025-06-21 00:11:39'),
(162,	21,	10053,	'c',	NULL,	'2025-06-21 00:11:39'),
(163,	21,	10046,	'a',	NULL,	'2025-06-21 00:11:39'),
(164,	21,	10041,	'a',	NULL,	'2025-06-21 00:11:39'),
(165,	21,	10037,	'c',	NULL,	'2025-06-21 00:11:39'),
(166,	21,	10087,	'c',	NULL,	'2025-06-21 00:11:39'),
(167,	21,	10086,	'a',	NULL,	'2025-06-21 00:11:39'),
(168,	21,	10077,	'a',	NULL,	'2025-06-21 00:11:39'),
(169,	21,	10070,	'c',	NULL,	'2025-06-21 00:11:39'),
(170,	21,	10063,	'c',	NULL,	'2025-06-21 00:11:39'),
(171,	21,	10267,	'c',	NULL,	'2025-06-21 00:11:39'),
(172,	21,	10263,	'b',	NULL,	'2025-06-21 00:11:39'),
(173,	21,	10254,	'a',	NULL,	'2025-06-21 00:11:39'),
(174,	21,	10247,	'b',	NULL,	'2025-06-21 00:11:39'),
(175,	21,	10241,	'c',	NULL,	'2025-06-21 00:11:39'),
(176,	21,	10234,	'c',	NULL,	'2025-06-21 00:11:39'),
(177,	21,	10231,	'c',	NULL,	'2025-06-21 00:11:39'),
(178,	21,	10228,	'c',	NULL,	'2025-06-21 00:11:39'),
(179,	21,	10224,	'b',	NULL,	'2025-06-21 00:11:39'),
(180,	21,	10212,	'b',	NULL,	'2025-06-21 00:11:39'),
(181,	21,	10199,	'b',	NULL,	'2025-06-21 00:11:39'),
(182,	21,	10205,	'b',	NULL,	'2025-06-21 00:11:39'),
(183,	21,	10188,	'c',	NULL,	'2025-06-21 00:11:39'),
(184,	21,	10184,	'a',	NULL,	'2025-06-21 00:11:39'),
(185,	21,	10183,	'c',	NULL,	'2025-06-21 00:11:39'),
(186,	21,	10174,	'b',	NULL,	'2025-06-21 00:11:39'),
(187,	21,	10173,	'b',	NULL,	'2025-06-21 00:11:39'),
(188,	21,	10165,	'b',	NULL,	'2025-06-21 00:11:39'),
(189,	21,	10158,	'c',	NULL,	'2025-06-21 00:11:39'),
(190,	21,	10154,	'c',	NULL,	'2025-06-21 00:11:39'),
(191,	21,	10149,	'a',	NULL,	'2025-06-21 00:11:39'),
(192,	21,	10142,	'c',	NULL,	'2025-06-21 00:11:39'),
(193,	21,	10139,	'c',	NULL,	'2025-06-21 00:11:39'),
(194,	21,	10135,	'c',	NULL,	'2025-06-21 00:11:39'),
(195,	21,	10134,	'a',	NULL,	'2025-06-21 00:11:39'),
(196,	21,	10117,	'c',	NULL,	'2025-06-21 00:11:39'),
(197,	21,	10113,	'c',	NULL,	'2025-06-21 00:11:39'),
(198,	21,	10112,	'c',	NULL,	'2025-06-21 00:11:39'),
(199,	21,	10098,	'c',	NULL,	'2025-06-21 00:11:39'),
(200,	21,	10104,	'a',	NULL,	'2025-06-21 00:11:39'),
(201,	22,	2001,	'a',	NULL,	'2025-06-21 03:52:43'),
(202,	22,	2004,	'b',	NULL,	'2025-06-21 03:52:43'),
(203,	22,	2024,	'b',	NULL,	'2025-06-21 03:52:43'),
(204,	22,	2025,	'b',	NULL,	'2025-06-21 03:52:43'),
(205,	22,	2028,	'b',	NULL,	'2025-06-21 03:52:43'),
(206,	22,	10015,	'b',	NULL,	'2025-06-21 03:52:43'),
(207,	22,	10010,	'b',	NULL,	'2025-06-21 03:52:43'),
(208,	22,	10006,	'a',	NULL,	'2025-06-21 03:52:43'),
(209,	22,	10004,	'a',	NULL,	'2025-06-21 03:52:43'),
(210,	22,	10000,	'b',	NULL,	'2025-06-21 03:52:43'),
(211,	22,	10056,	'c',	NULL,	'2025-06-21 03:52:43'),
(212,	22,	10050,	'a',	NULL,	'2025-06-21 03:52:43'),
(213,	22,	10045,	'b',	NULL,	'2025-06-21 03:52:43'),
(214,	22,	10040,	'c',	NULL,	'2025-06-21 03:52:43'),
(215,	22,	10034,	'a',	NULL,	'2025-06-21 03:52:43'),
(216,	22,	10077,	'c',	NULL,	'2025-06-21 03:52:43'),
(217,	22,	10073,	'b',	NULL,	'2025-06-21 03:52:43'),
(218,	22,	10071,	'b',	NULL,	'2025-06-21 03:52:43'),
(219,	22,	10062,	'b',	NULL,	'2025-06-21 03:52:43'),
(220,	22,	10061,	'b',	NULL,	'2025-06-21 03:52:43'),
(221,	22,	10266,	'b',	NULL,	'2025-06-21 03:52:43'),
(222,	22,	10260,	'a',	NULL,	'2025-06-21 03:52:43'),
(223,	22,	10251,	'b',	NULL,	'2025-06-21 03:52:43'),
(224,	22,	10246,	'a',	NULL,	'2025-06-21 03:52:43'),
(225,	22,	10244,	'b',	NULL,	'2025-06-21 03:52:43'),
(226,	22,	10227,	'a',	NULL,	'2025-06-21 03:52:43'),
(227,	22,	10225,	'c',	NULL,	'2025-06-21 03:52:43'),
(228,	22,	10223,	'b',	NULL,	'2025-06-21 03:52:43'),
(229,	22,	10222,	'b',	NULL,	'2025-06-21 03:52:43'),
(230,	22,	10211,	'c',	NULL,	'2025-06-21 03:52:43'),
(231,	22,	10205,	'c',	NULL,	'2025-06-21 03:52:43'),
(232,	22,	10194,	'c',	NULL,	'2025-06-21 03:52:43'),
(233,	22,	10187,	'b',	NULL,	'2025-06-21 03:52:43'),
(234,	22,	10182,	'b',	NULL,	'2025-06-21 03:52:43'),
(235,	22,	10181,	'b',	NULL,	'2025-06-21 03:52:43'),
(236,	22,	10172,	'a',	NULL,	'2025-06-21 03:52:43'),
(237,	22,	10159,	'b',	NULL,	'2025-06-21 03:52:43'),
(238,	22,	10155,	'a',	NULL,	'2025-06-21 03:52:43'),
(239,	22,	10152,	'a',	NULL,	'2025-06-21 03:52:43'),
(240,	22,	10151,	'b',	NULL,	'2025-06-21 03:52:43'),
(241,	22,	10149,	'a',	NULL,	'2025-06-21 03:52:43'),
(242,	22,	10138,	'b',	NULL,	'2025-06-21 03:52:43'),
(243,	22,	10133,	'b',	NULL,	'2025-06-21 03:52:43'),
(244,	22,	10126,	'a',	NULL,	'2025-06-21 03:52:43'),
(245,	22,	10120,	'a',	NULL,	'2025-06-21 03:52:43'),
(246,	22,	10113,	'a',	NULL,	'2025-06-21 03:52:43'),
(247,	22,	10105,	'a',	NULL,	'2025-06-21 03:52:43'),
(248,	22,	10099,	'b',	NULL,	'2025-06-21 03:52:43'),
(249,	22,	10102,	'a',	NULL,	'2025-06-21 03:52:43'),
(250,	22,	10093,	'a',	NULL,	'2025-06-21 03:52:43');

DROP TABLE IF EXISTS `roles_personal`;
CREATE TABLE `roles_personal` (
  `id` int(11) NOT NULL AUTO_INCREMENT,
  `codigo` varchar(50) NOT NULL,
  `nombre` varchar(200) NOT NULL,
  `descripcion` text DEFAULT NULL,
  `activo` tinyint(1) DEFAULT 1,
  `fecha_creacion` timestamp NULL DEFAULT current_timestamp(),
  PRIMARY KEY (`id`),
  UNIQUE KEY `codigo` (`codigo`),
  KEY `idx_codigo` (`codigo`)
) ENGINE=InnoDB DEFAULT CHARSET=utf8mb4 COLLATE=utf8mb4_unicode_ci;

INSERT INTO `roles_personal` (`id`, `codigo`, `nombre`, `descripcion`, `activo`, `fecha_creacion`) VALUES
(1,	'jefe_planta',	'Jefe de Planta',	'Responsable general de la operación de la planta',	1,	'2025-06-19 15:38:34'),
(2,	'laboratorista',	'Laboratorista',	'Encargado del control de calidad y pruebas de laboratorio',	1,	'2025-06-19 15:38:34'),
(3,	'operador_camion',	'Operador de Camión Revolvedor',	'Operador de vehículos de transporte de concreto',	1,	'2025-06-19 15:38:34'),
(4,	'operador_bombas',	'Operador de Bombas de Concreto',	'Operador de equipos de bombeo de concreto',	1,	'2025-06-19 15:38:34');

DROP TABLE IF EXISTS `secciones_evaluacion`;
CREATE TABLE `secciones_evaluacion` (
  `id` int(11) NOT NULL AUTO_INCREMENT,
  `tipo_evaluacion_id` int(11) NOT NULL,
  `rol_personal_id` int(11) DEFAULT NULL,
  `nombre` varchar(200) NOT NULL,
  `descripcion` text DEFAULT NULL,
  `orden` int(11) NOT NULL DEFAULT 1,
  `activo` tinyint(1) DEFAULT 1,
  `fecha_creacion` timestamp NULL DEFAULT current_timestamp(),
  PRIMARY KEY (`id`),
  KEY `idx_tipo_evaluacion` (`tipo_evaluacion_id`),
  KEY `idx_rol_personal` (`rol_personal_id`),
  KEY `idx_orden` (`orden`),
  CONSTRAINT `secciones_evaluacion_ibfk_1` FOREIGN KEY (`tipo_evaluacion_id`) REFERENCES `tipos_evaluacion` (`id`) ON DELETE CASCADE,
  CONSTRAINT `secciones_evaluacion_ibfk_2` FOREIGN KEY (`rol_personal_id`) REFERENCES `roles_personal` (`id`) ON DELETE SET NULL
) ENGINE=InnoDB DEFAULT CHARSET=utf8mb4 COLLATE=utf8mb4_unicode_ci;

INSERT INTO `secciones_evaluacion` (`id`, `tipo_evaluacion_id`, `rol_personal_id`, `nombre`, `descripcion`, `orden`, `activo`, `fecha_creacion`) VALUES
(1001,	1,	1,	'Conocimiento técnico y operativo',	'Evaluación de conocimientos técnicos relacionados con los procesos productivos, equipos y tecnologías utilizadas en la planta. Incluye comprensión de especificaciones técnicas, procedimientos operativos y normativas industriales.',	1,	1,	'2025-06-19 16:32:53'),
(1002,	1,	1,	'Gestión de la producción',	'Capacidad para planificar, organizar y controlar los procesos productivos. Incluye optimización de recursos, programación de producción, cumplimiento de objetivos y eficiencia operacional.',	2,	1,	'2025-06-19 16:32:53'),
(1003,	1,	1,	'Mantenimiento del equipo',	'Gestión del mantenimiento preventivo y correctivo de equipos y maquinaria. Incluye planificación de mantenimientos, control de inventarios de repuestos y coordinación con equipos técnicos.',	3,	1,	'2025-06-19 16:32:53'),
(1004,	1,	1,	'Gestión del personal',	'Habilidades de liderazgo, supervisión y desarrollo del equipo de trabajo. Incluye motivación, capacitación, evaluación del desempeño y resolución de conflictos laborales.',	4,	1,	'2025-06-19 16:32:53'),
(1005,	1,	1,	'Seguridad y cumplimiento normativo',	'Implementación y supervisión de políticas de seguridad industrial, cumplimiento de normativas ambientales y laborales. Incluye prevención de accidentes y gestión de riesgos.',	5,	1,	'2025-06-19 16:32:53'),
(1006,	1,	1,	'Control de calidad',	'Supervisión y control de la calidad del producto final. Incluye implementación de sistemas de calidad, control de especificaciones y mejora continua de procesos.',	6,	1,	'2025-06-19 16:32:53'),
(1007,	1,	1,	'Documentación y control administrativo',	'Gestión de la documentación técnica y administrativa de la planta. Incluye reportes de producción, registros de control, documentación de procesos y archivo de información.',	7,	1,	'2025-06-19 16:32:53'),
(1008,	1,	1,	'Mejora continua y enfoque a resultados',	'Implementación de metodologías de mejora continua, análisis de indicadores de desempeño y búsqueda constante de optimización en procesos y resultados.',	8,	1,	'2025-06-19 16:32:53'),
(1009,	1,	1,	'Coordinación con logística y clientes',	'Coordinación con áreas de logística para el cumplimiento de entregas, comunicación con clientes y resolución de requerimientos especiales de producción.',	9,	1,	'2025-06-19 16:32:53'),
(1010,	1,	1,	'Resolución de problemas',	'Capacidad para identificar, analizar y resolver problemas operativos de manera eficiente. Incluye toma de decisiones bajo presión y implementación de soluciones efectivas.',	10,	1,	'2025-06-19 16:32:53');

DROP TABLE IF EXISTS `tipos_evaluacion`;
CREATE TABLE `tipos_evaluacion` (
  `id` int(11) NOT NULL AUTO_INCREMENT,
  `codigo` varchar(50) NOT NULL,
  `nombre` varchar(200) NOT NULL,
  `descripcion` text DEFAULT NULL,
  `activo` tinyint(1) DEFAULT 1,
  `fecha_creacion` timestamp NULL DEFAULT current_timestamp(),
  PRIMARY KEY (`id`),
  UNIQUE KEY `codigo` (`codigo`),
  KEY `idx_codigo` (`codigo`)
) ENGINE=InnoDB DEFAULT CHARSET=utf8mb4 COLLATE=utf8mb4_unicode_ci;

INSERT INTO `tipos_evaluacion` (`id`, `codigo`, `nombre`, `descripcion`, `activo`, `fecha_creacion`) VALUES
(1,	'personal',	'Evaluación de Personal',	'Evaluación de competencias y conocimientos del personal',	1,	'2025-06-19 15:38:34'),
(2,	'equipo',	'Evaluación de Equipo',	'Evaluación del estado y funcionamiento de equipos',	1,	'2025-06-19 15:38:34'),
(3,	'operacion',	'Evaluación de Operación',	'Evaluación de procesos operativos y procedimientos',	1,	'2025-06-19 15:38:34');

DROP TABLE IF EXISTS `usuarios`;
CREATE TABLE `usuarios` (
  `id` int(11) NOT NULL AUTO_INCREMENT,
  `username` varchar(100) NOT NULL,
  `password_hash` varchar(255) NOT NULL,
  `nombre_completo` varchar(200) NOT NULL,
  `email` varchar(150) DEFAULT NULL,
  `rol` enum('admin','evaluador','supervisor') DEFAULT 'evaluador',
  `activo` tinyint(1) DEFAULT 1,
  `fecha_creacion` timestamp NULL DEFAULT current_timestamp(),
  `fecha_actualizacion` timestamp NULL DEFAULT current_timestamp() ON UPDATE current_timestamp(),
  PRIMARY KEY (`id`),
  UNIQUE KEY `username` (`username`),
  UNIQUE KEY `email` (`email`),
  KEY `idx_username` (`username`),
  KEY `idx_email` (`email`),
  KEY `idx_rol` (`rol`)
) ENGINE=InnoDB DEFAULT CHARSET=utf8mb4 COLLATE=utf8mb4_unicode_ci;

INSERT INTO `usuarios` (`id`, `username`, `password_hash`, `nombre_completo`, `email`, `rol`, `activo`, `fecha_creacion`, `fecha_actualizacion`) VALUES
(1,	'admin',	'$2y$10$HRryB93eIfGqmccxtfQM.e9GlNm9ipoVDnUCczr1WDRzyYAIFaP.W',	'Administrador IMCYC',	'admin@imcyc.org',	'admin',	1,	'2025-06-19 15:38:34',	'2025-06-19 19:48:46'),
(4,	'ruribe2',	'$2y$10$HRryB93eIfGqmccxtfQM.e9GlNm9ipoVDnUCczr1WDRzyYAIFaP.W',	'Administrador',	'admin@admin.com',	'admin',	1,	'2025-06-19 15:58:30',	'2025-06-20 16:51:54'),
(8,	'ruribe',	'$2y$10$Vaf8MLtlLHLdpl7eGs0Y.uLhVGbn8rLDV3mp2VBG7FUC1gv4IYXfG',	'Roberto Uribe',	'ruribe@imcyc.com',	'admin',	1,	'2025-06-20 22:50:22',	'2025-06-20 22:50:22');

DROP VIEW IF EXISTS `vista_estadisticas_evaluacion`;
CREATE TABLE `vista_estadisticas_evaluacion` (`tipo_evaluacion` varchar(200), `total_evaluaciones` bigint(21), `promedio_puntuacion` decimal(9,6), `aprobados` decimal(22,0), `reprobados` decimal(22,0));


DROP VIEW IF EXISTS `vista_evaluaciones_completas`;
CREATE TABLE `vista_evaluaciones_completas` (`id` int(11), `puntuacion_total` decimal(5,2), `total_preguntas` int(11), `estado` enum('en_progreso','completada','cancelada'), `fecha_inicio` timestamp, `fecha_finalizacion` timestamp, `username` varchar(100), `nombre_completo` varchar(200), `tipo_evaluacion` varchar(200), `rol_personal` varchar(200), `resultado` varchar(9));


DROP TABLE IF EXISTS `vista_estadisticas_evaluacion`;
CREATE ALGORITHM=UNDEFINED SQL SECURITY DEFINER VIEW `vista_estadisticas_evaluacion` AS select `te`.`nombre` AS `tipo_evaluacion`,count(`e`.`id`) AS `total_evaluaciones`,avg(`e`.`puntuacion_total`) AS `promedio_puntuacion`,sum(case when `e`.`puntuacion_total` >= 120 then 1 else 0 end) AS `aprobados`,sum(case when `e`.`puntuacion_total` < 120 then 1 else 0 end) AS `reprobados` from (`tipos_evaluacion` `te` left join `evaluaciones` `e` on(`te`.`id` = `e`.`tipo_evaluacion_id` and `e`.`estado` = 'completada')) group by `te`.`id`,`te`.`nombre`;

DROP TABLE IF EXISTS `vista_evaluaciones_completas`;
CREATE ALGORITHM=UNDEFINED SQL SECURITY DEFINER VIEW `vista_evaluaciones_completas` AS select `e`.`id` AS `id`,`e`.`puntuacion_total` AS `puntuacion_total`,`e`.`total_preguntas` AS `total_preguntas`,`e`.`estado` AS `estado`,`e`.`fecha_inicio` AS `fecha_inicio`,`e`.`fecha_finalizacion` AS `fecha_finalizacion`,`u`.`username` AS `username`,`u`.`nombre_completo` AS `nombre_completo`,`te`.`nombre` AS `tipo_evaluacion`,`rp`.`nombre` AS `rol_personal`,case when `e`.`puntuacion_total` >= 120 then 'APROBADO' else 'REPROBADO' end AS `resultado` from (((`evaluaciones` `e` join `usuarios` `u` on(`e`.`usuario_id` = `u`.`id`)) join `tipos_evaluacion` `te` on(`e`.`tipo_evaluacion_id` = `te`.`id`)) left join `roles_personal` `rp` on(`e`.`rol_personal_id` = `rp`.`id`));

-- 2025-06-24 15:13:19
